1,stake1uxd2wmke9kdh22ug8r9cqsnju92qlj47g293q6uzll3epvcwwtx4g,458,2091841682179,1,1704073881761
2,stake1u95eag6vevxhehl3qy00mmkgtxrlp5nhgu0lwc03z2e0vucjc8cfz,458,1000003119067,1,1704073881762
3,stake1u8we6rl7pw7pnw8l3utmype3n99x0t4dv4mzesuk3c2m6rqup8zlh,458,895760090997,1,1704073881762
4,stake1ux4ytr7z7vrf0t76kt5vvhrjyj072edpjar0zkwrn8wgarczx6vvq,458,707963652762,1,1704073881762
5,stake1uxvcuzrg0u4jsfdsqzs2d4z28n3xk6ttjm5h62lrccsfkggnms5td,458,690641097838,1,1704073881762
6,stake1u8ljz9n0y8p28z52sgh5exw75saje6yd2xhzhkhrfvg46pgntlw2t,458,601710648310,1,1704073881762
7,stake1uyny9094txnpfjqvh72rpfurt8p4lmy6pcstfa9ep2z549c7jpc4j,458,503012580337,1,1704073881762
8,stake1u9dqgf6dv9wnkzfzk0gyqhcmjldltzker2jrvl5h37q2rws2ur9kz,458,404278539863,1,1704073881762
9,stake1ux4y0unxzg54eg3c0h3m03xpyarxd5rqqq339ja89s4mltsyy0ce6,458,354647026423,1,1704073881762
10,stake1u9vdk6p3j9xmla7c3e9etv4kk6rje70csevtkc4dvkfmz8cmw8pmg,458,350266648570,1,1704073881763
11,stake1uye2rghgqtn3zcxjkg4ngfu7vs0fzynmdpegemxgfxgp2gqu7vf6g,458,344043378859,1,1704073881763
12,stake1uxw7as64jxvxyz25xw5e5p5z7fss5rmnlk70hpq6sd869vq4z2e4c,458,328472685209,1,1704073881763
13,stake1u9sh00qg3k6nmwhnle3v9tjmagnrgest49g6uunnhct29nqk5dhxw,458,301765099725,1,1704073881763
14,stake1ux6ms2k0r9a38c7raupnxxjwefe0mqjg57rd0t4kc5ky7nc2cffcg,458,276174772922,1,1704073881763
15,stake1u8my0272h5jq8d52kvt9muqrkh0tf3e3rjz2m756jahwgugrhqa70,458,270005893253,1,1704073881763
16,stake1uxgswrf4tpmp8u07vvfwr8v83fk85xzspsqtqn6d25g2kpsuu9pz2,458,245812167727,1,1704073881763
17,stake1ux5xegmme76tmyg984amztwp5un9twzwulteqt8nqsypq7ce9a2et,458,233890400886,1,1704073881763
18,stake1uyhdu8ae3km6z6n7fuz38t0g65vlc5sqntykt02cqkugrjg3ypu4w,458,219335511380,1,1704073881763
19,stake1ux25ddxzlm9p657cau2qmdhxvaumfuvu23nrdwfrjqlpp2s9593pg,458,204750465409,1,1704073881763
20,stake1u840ypsfe5x4xqhf44c649cgeyjc6g28qdzaye7gtgr535cx060dj,458,203285478781,1,1704073881763
21,stake1u9f78dqxrz88yumd3500stvxn6ku0xapnnc6w2e9k2dtxks8qsgqz,458,191111855170,1,1704073881763
22,stake1uxtu3suhmwe7vxd5scmm5x6h9g08mkeum0ndyuswefs00vcuwxux3,458,175932537615,1,1704073881763
23,stake1u8tgf7mwgfkm9m3sm39v544w86gfcmh40wdw88hs2dh39fs4c46pw,458,156087304082,1,1704073881763
24,stake1ux5wj29jg2fs8v2aqs3fapzxmp06qrymjhn4vvqsmjc4msg2h7pwq,458,155251456269,1,1704073881763
25,stake1uyuax60wh67uyvshnlh3x93ee9um29du44v0wwhzxp5q2eqpsnknf,458,143848435381,1,1704073881763
26,stake1uxve5y6890a2a69uez396mdzlm0lvf5es9r3xvtnutcstxchjhcdc,458,143584698364,1,1704073881763
27,stake1ux3a6rwvw7wxfd5snksvzfdd42s75umwn7ar5pmdrzhc3rgcvgjkj,458,141259393659,1,1704073881764
28,stake1uyd3j2s90kl5fhug6t8fe7ra0e0cqgz9rh7a2ext5x5nlfs78w5cz,458,137282586300,1,1704073881764
29,stake1uxqfzmlhsxr3r9snwm77lh6f2g4g9vd4fj8zjqc8kglheqsu4eqda,458,131649042295,1,1704073881764
30,stake1uyy54e603ytnkmfazhwrl4dkwjkggsrjfj0xrn3m8vja4hg2ecgp5,458,130673136990,1,1704073881764
31,stake1uyt823ahv5gpfvmwuk96pxmd8jlt0nmdm0qfshcfuncwe0q73m626,458,121293307981,1,1704073881764
32,stake1u8dpwuss5npkel7w85uq52pemh252lvyc0dus34909acjqchlwfcf,458,113194218979,1,1704073881764
33,stake1uypv3g2hpj5xtmtt8fwxj39pqruqv50vk0kga4ehln2rx8qqyx93u,458,110747366665,1,1704073881764
34,stake1u9adq58dun303dyw0ytdahfeqr4h422uvem3a6fcre66xugxuvnvh,458,108715919889,1,1704073881764
35,stake1u87uhlwcct6t4szfzgelzjavut04zu2zpwtpj764efdlzhq8nqty3,458,107287196944,1,1704073881764
36,stake1u970vm5d0xldaaypqce07jwgfcqfa62s75fjuj62nf77p8c2chvkf,458,103364074391,1,1704073881764
37,stake1uyda3uqcfhfyjq4rcpw6e9pgfuxqnn78x3hwq696mxjjdgsvrssmp,458,101865273904,1,1704073881764
38,stake1ux4kf6tptn85zg405wytcayepyfev956ycnfgat85k34dpcqqupqq,458,101238857100,1,1704073881764
39,stake1u9syech27ejdgdr3chmznt5pv89rj2d4glgefzuqtvpgd5q9vqd0f,458,100528497637,1,1704073881764
40,stake1u9rjd377utkscnn0sumql0cru2vrrv43k9e0776uzsl3gygnd9gtj,458,100397651275,1,1704073881764
41,stake1u85em3p63fcy8txqwz75862du8zrhns6rtuujzsknvucg6qhjgdzc,458,100072217923,1,1704073881764
42,stake1uxcj5kmked0znag49mcxfvz468q6efktf4536meqlrrx24grymw8a,458,99252880566,1,1704073881764
43,stake1u8hup4l738xvqtla09sn9v45rk8g09g6p9d7vcd4u8waqdqtn626l,458,92366529055,1,1704073881764
44,stake1u93r83hre9vjarlqkh3syhwx3qsxtc4dp5zct9yk3x4p8zg9swuzh,458,92118147167,1,1704073881764
45,stake1uyqk448d2k77kczrhfvvg9n4flmx5ymy8adv4ezst4jxdcgyajctg,458,90032451864,1,1704073881764
46,stake1uxsrhrawwdzxkddm9xzdykdva6kq649mv2k8695nvg896rqt4gdml,458,86984235629,1,1704073881764
47,stake1uxfvgxz7m85tfld53f8es8edvtcszy9jylla79dzkpzgelgz5zw6r,458,86734336909,1,1704073881764
48,stake1ux782eprh0yjs8j4ve4xgt5mwkpev5mrsp80ls4lwjak3dcuv00pf,458,85679692557,1,1704073881764
49,stake1u82fgnq899ygqxxwgv845kjnzz79j06qwkytyp5ejac9ngshtya2w,458,83244643549,1,1704073881764
50,stake1u997dtp7zm876vp77awsd8fe96avecfz5hmeg9zwlf4xwnsygczs7,458,80611835463,1,1704073881764
51,stake1ux3z6kuf0dnczwft7j4dfm4sdzz90ekeq52v94jvap5y60cjx5gfe,458,80051037646,1,1704073881764
52,stake1u806dazk326v54x54cxpk8z4cyakkx5c659v9wrptljqdeg8v9rkz,458,79677060278,1,1704073881764
53,stake1ux2mp4k0e8k9x0wr38sxme4y8c994075f2utd8d5lxvmwqqg230t7,458,79109372266,1,1704073881765
54,stake1uxpznel5sa88ea4c2ry5lqd36pudnu5233059wyzp8rw7ggm5lwyc,458,77064726484,1,1704073881765
55,stake1u9h089dt7dt7lxgu3d9s74kdkdh2qm79384qdcs9g4rk87gn6h7qj,458,76861254725,1,1704073881765
56,stake1u87mq826qwkhkv8cyw0njpql3ty8yphk7ymqmzcxwp64vrcsrguux,458,76328748244,1,1704073881765
57,stake1u8hyrz8recuvfz2pupylnkkf0rra6w5rxwe8aqtd58wv7pgp4fzvh,458,76397086387,1,1704073881765
58,stake1u8v4muvx280f7p3ykjth4ftfqy70fa3xkdx6r7g2xlvuj6grgkkht,458,76366188446,1,1704073881765
59,stake1uxymcyvpw4z0yckgy02sntf3e2dt54c95jmpvwa7gd3g8vge8x5qw,458,76112823827,1,1704073881765
60,stake1uyjmrnxn2kyqlf8ymychwt764rj7sexnnkr2527hdt0g5xsjhnvg4,458,76072779379,1,1704073881765
61,stake1u9ywr4l25hl3kx4tyusrmrpd6xv9emfkxxwqgldc4l4c6ygxrngrq,458,75994726186,1,1704073881765
62,stake1u9gn9k7zg6h7s2f78mfrzxygzyuqctnjmmlh75erszy08qcrflh6a,458,75580341066,1,1704073881765
63,stake1u8j0qjgfhqhumsy4p0ey6ue2jxdyfekhlzalh6n4xc04ncqcj3kvw,458,75559107553,1,1704073881765
64,stake1uyc4qje2j2rpwv9r5a40dyu74sn4e8xky6dgz67yl38dxcg9cj02q,458,75450027485,1,1704073881765
65,stake1u83urg5meyq9yguqffpmfahk78d8ucgaax4xf2wpkhjq8lsefuq5z,458,75254269608,1,1704073881765
66,stake1u83fydsrj7zd3u9k6ur8s2r9x9plj3pgt3wuac4yc9wr3tqwcl7cz,458,75240507308,1,1704073881765
67,stake1u9n8u9g32s7d2mvpjjm08d8fk8qwpma4sck5kaprjc637ysk83pyc,458,75115154709,1,1704073881765
68,stake1u9l8e9yn64qq8nazspam5ny5ztvm2pagqns2unhqpk49eyqdfv0y6,458,62299758669,1,1704073881765
69,stake1u926f55uy6hkd2z4lmrw53prav0074jkrhy3lj3r6aq7mmgf4v5f9,458,61628907962,1,1704073881765
70,stake1uxvdqvealdaljeeahmgwjp3x5p08qtg37da377a8nyjjdmq3ap9vr,458,60314179516,1,1704073881765
71,stake1u9l6qmmgm8msnzumht0g5jp97pdulh55x2k4kwnkezku09g2tx9hq,458,60206459504,1,1704073881765
72,stake1uxt5sa87k2npry9jwcx2rasttrxp4xheh5np0zvphtws98sd3lnpk,458,55125224845,1,1704073881765
73,stake1uxc9wll5z8e55jj5x5ls29q0m60wymfmxlw86rvxrlx20cc4w7grl,458,54149701825,1,1704073881765
74,stake1uyj7n8ju3vrs0pdgqhwsjhls2qeyujg7vq4t9wvtez2ge0cyy5hq5,458,54134566536,1,1704073881765
75,stake1u8r2tjyla2kkxgknff8sz4v4mp5kl5tawej7tr6yczdtlkqupgquj,458,53786617530,1,1704073881765
76,stake1uy9lc03mzeyyff3c2d0tqflsw5ydqqtgz0z7m2ceggvyf3s6mjp47,458,53096869943,1,1704073881765
77,stake1uya6jen8c5rqk7hz7ddduwq96elm9zwpvwd00qjktud9cmgp0sadp,458,52692246899,1,1704073881765
78,stake1u8wwwp8l9g3rcs2g8crdcla45lx3ev837r3cu4rzhsp9jwgxg4mj5,458,52661216042,1,1704073881765
79,stake1u9w7d9dahjxtmu8q99fmr0gfqgjplhfwq0zxz00cz7v50lggu4d3s,458,52179285200,1,1704073881765
80,stake1uxprjzmhprmh75r8j3s3jw2xscnjh6rd7ptmx0hk2vz0asqfy9k7k,458,51657977319,1,1704073881765
81,stake1u84vyxnjhv6ufljhpfe6lmp2l5qt0at7k4zzhsjgh6qk3lgp8mtkh,458,51492025498,1,1704073881765
82,stake1u9xmxwsqlat0sxchqyyd3l2ucgsl0sdmul07l5y56tva3lqffhmwd,458,51342360043,1,1704073881765
83,stake1u8qma0uyq2gvgtq98gjf9wlmpu0aysxugzj9y8e32duunuspkg9h7,458,51304511505,1,1704073881766
84,stake1uys57hs938740fmhlt4euf33chuvdl2eds8e49wn9pz2cdqudpyhk,458,51155575103,1,1704073881766
85,stake1u8rpcsdpp8a0sy4k09zw35ye60f20k75cnfn47jhznuj26qf02jph,458,50892122780,1,1704073881766
86,stake1ux55vqu9hm3xwdsjs3trvw8amtcv75p8dnzpfjjg8pfy0cq9xqcns,458,50715345924,1,1704073881766
87,stake1u8a9gafg8l8hq9synd3jlecphyw6gklmjha6r50kdyfkdkgc2q3c6,458,50650145558,1,1704073881766
88,stake1u87gwz3gj0yga6s74ys6fc9n9u0a36dfqul8cvnk6yrzgtchpxvwm,458,50342835487,1,1704073881766
89,stake1u8s7d6j39emxgjpduz58gvtyfzlhc64xw2wawgmy0k9us0ccjj5fh,458,50120189518,1,1704073881766
90,stake1uyj6v950jhvnawxq50v2tf86qnppc3uwv3xwyuem3jxf54sc9uph2,458,50105483341,1,1704073881766
91,stake1u8nt2rx2qdwk3ffkuqmwy3zvws0sjguy7cxdm4g583y2tqsve7g0k,458,50067970790,1,1704073881766
92,stake1u9m0cwdu6p5wljgdqmxw482pay8arvwhtq2cqwk8tqa5sxstx7n4k,458,50056922252,1,1704073881766
93,stake1uy6ufh9je55de5wme6dyz20ezs992skwrcjm76smqtq80zg4c8ae5,458,50044035391,1,1704073881766
94,stake1u90zsqku0uqw942g09ktw58a2h4xsnds80nt702d97qm6gcgfndn3,458,50010415706,1,1704073881766
95,stake1u96e27nspnxpkw7lruufrlw46qdukq605lqn9ygxg40f2xqdw3460,458,46086871977,1,1704073881766
96,stake1uytu8hqvrlyx0f8re3gzndetfez20lgl7shs5cga4cd2tkcqv2lgj,458,44632270523,1,1704073881766
97,stake1u98mm43jqkzq39ayy4m8f64u8gfevyzw6z86wj0sywcumecgl6849,458,44318134610,1,1704073881766
98,stake1uy74ctcycru2rjahzkn5tlvq577xzqz5e3rv8z7684ugpvq4gcjjt,458,41472703507,1,1704073881766
99,stake1u940t9ezr5vep390hzca42hxdrgl48rerpwh3srvzxskrxslx2fve,458,40856832308,1,1704073881766
100,stake1uyxp3hfey2f4s2uewfg7d628u54hulghx9v6f7whu2a94dsspzzdx,458,40439981751,1,1704073881766
101,stake1u87hhjjjdfjcfkr4xjfk8hvcvdwq05kq6le9d58l50flq6qvpqhcx,458,38126040842,1,1704073881766
102,stake1uyxvlkew5908qc0n323yxzwqfr84r2yu5wjgskkvq6dlevqkpr25l,458,36670542542,1,1704073881766
103,stake1uxzweswaexmrut8utqctmsh5t4mgg8v6ymu0pqz8h2fxuhq2wdvef,458,34563833872,1,1704073881766
104,stake1uygvzvz22rjfd2fklhk949shjuz4hn3wlqqe8th8w7fmprcl92fe4,458,34077099299,1,1704073881766
105,stake1u9m6yunpla5shuv2gwtsqyked9pqkf6u2cqw39ara0vs44spdsxg0,458,34020537210,1,1704073881766
106,stake1u8s6wjqcf8ztkjtp3vdzjpq3wsem0nulevv4r2hwrutnyrskn9ay2,458,32650373958,1,1704073881766
107,stake1u9e5x6n5an5u7ms7peq26tkecz9a04g8j5htkfexu4lxragzej6hp,458,32574044967,1,1704073881766
108,stake1u9452g58pw409n3ux0dhqtaeddwn6hetlj6j07crx8kxl7qcg8ve0,458,32018732273,1,1704073881766
109,stake1ux62znz65ge6djmlqgkmr7uvuwn7wdxh0fjsuef3rwgme7qxzq385,458,31726533231,1,1704073881766
110,stake1uydnxee823yp2a7y23g24apfwq0wuejyl97zu38hkqjwfsg5797qt,458,31339657147,1,1704073881766
111,stake1uxdpshxqv4qu9st342vtw2uvce9l6cjscyp7uy4x5ctkl7qcne3j9,458,30462939038,1,1704073881766
112,stake1uy5t9n4szwadh6rsj6w8ljahgzf84pgavjl8lds29kuk2aslvgy3s,458,30430196047,1,1704073881766
113,stake1ux77n3a864cqlg9nh3z0m06m9zezvtxfumatf242x5peejgwydrn7,458,29472267180,1,1704073881766
114,stake1uxevs32dttw3hzt9z2xr0txtgrfq302hn43njlgkqcppuccf3f36y,458,29194659399,1,1704073881766
115,stake1uyw7hjpke7rzwpa7ffr4nsy5udz78efu422zhgyctdkmjucy9hn54,458,29005399839,1,1704073881766
116,stake1u9x67czyeykckwhx7q6jevtquer2tegagdrlpxw0fszt5ws43kjz3,458,29000301935,1,1704073881766
117,stake1uxc40ufpcxmx8nvc7fzxysm5eeja55mkt06u6td5s99wetsy7k3yh,458,28924844572,1,1704073881766
118,stake1u8pcffsc20jjlfda2cegaxdjdhhe053agr6utcal9fj53hgev8ndn,458,27870883508,1,1704073881766
119,stake1uyxdpy54s3gtcaa46wh95x7k3e94twna32s60u82wnd0gas6a69h2,458,26006146596,1,1704073881766
120,stake1uyz92306k625jnsx2wn624y4ae32yady48ca9h9rg4wcpucw0l83e,458,25864375410,1,1704073881767
121,stake1ux2rmg8ttdwkztpxfp59da8khexrnvt00l55ummljkef2ccgu3wym,458,25822322981,1,1704073881767
122,stake1u9cquxrvqpc4e0xts3mexjcgh23q2td0v87p6jyur3p2lrscecpat,458,25530154746,1,1704073881767
123,stake1uyluwde6hsgl5v782mygyqm28ta2cysds5sx2ngr7nc40zq4u4pd3,458,24356224474,1,1704073881767
124,stake1u9745rsjlt700j9ndch67mdgcptcrgs0wxdxcyvdquznfzgv6ltcx,458,24211867176,1,1704073881767
125,stake1u8ug0nek0z5evrza30qpz5j5xx4gj3ljkavne5zxnzwfq8s8d9c2p,458,24016006077,1,1704073881767
126,stake1u8d3ym8zu73wcfpa4rx567993att73lymufs5l70tv56d5qe5zgnc,458,23199917149,1,1704073881767
127,stake1u9x9yqlx5m76vdkdymae3hvsddfnecjle6mzp76acga2a5qdeaj2n,458,22249891590,1,1704073881767
128,stake1uxj8c8ell7xr76qjyarwcew4pghshrr2lw2sjs0teu3jdssrgf2cp,458,21428266135,1,1704073881767
129,stake1u88xnp5x4hw4cyyqhuz5hfncl26w7722zz3ptt6f9pc7rpq8zn0nf,458,21345699436,1,1704073881767
130,stake1u9fzzt8e3cuxjfw3qcv5ztu334p3z5q22vvau74ywjl4k9c7glzmw,458,21286488290,1,1704073881767
131,stake1uxvdxzfptxw26rgneyxsjuqtl2wx8j0r99lr3lfm5ffndeg765egu,458,21023414477,1,1704073881767
132,stake1u8h59hmt9jw9mtgt2qpz9dqejwc7y2922q7lgr6u3unhzcsu8cm26,458,21275945385,1,1704073881767
133,stake1uxwvukjx8y8rw7utna0ledda3le0rzm6vg2e5h6gyv7w9qsyd0m8v,458,21004896527,1,1704073881767
134,stake1u8st8q7wxse9k5rmfehpe3vykxtr75wujdtqnjezmjt5y6gp2c4jp,458,21002562921,1,1704073881767
135,stake1u8e290zucukxpurx2xk69u27vu6s38gwzsxq9wkk6vj2gzqy5t9uk,458,20860172424,1,1704073881767
136,stake1u89pj7nn48w6uzh9397jmet2sdsljhdp7c0f8hhypx5sehccy7c3t,458,20752117271,1,1704073881767
137,stake1u9zvn7pfrhdhqcs38prmfzqd8f2g9x3g0zjvc6d29mulf7sa3nuaw,458,20690364826,1,1704073881767
138,stake1uy2849xpcu29uuejf83zc0pvtp7t32ky70qjtkvpz523src7rmzfm,458,20688709521,1,1704073881767
139,stake1u8ardwesu2dw43ym3cdh69skzuszf0nz0c4c5x9kvxxexfqgny27f,458,20615482918,1,1704073881767
140,stake1uyt8wt30tn7z5scj8ua9l8j4hepkyv26j49p5ztxvnu8zjqjskjtc,458,20375018885,1,1704073881767
141,stake1u8wsnyp50fu95xdsmqlemzqjr8lej596vwd7q77ssvhu6wqs7rw8y,458,20362294932,1,1704073881767
142,stake1uyadknwdgqp6r8ks8k2dfjuj7xpmjz674w9zxz7a9tnuklq62vjxq,458,20006891992,1,1704073881767
143,stake1u9fmdg77kqwvn7dyvavfwyawemxsr0u7fr0c8vjy36vr7hg50l6yk,458,19553980473,1,1704073881767
144,stake1u9fld67hh26ay7vw96effh87839fjngw5pd577ju38uzk3qp5q26q,458,19544670747,1,1704073881767
145,stake1uy9ajhwp9vgsw7dkz394e4ts00m33f6kqucdnpphyp2tx2qxlft83,458,19288077879,1,1704073881767
146,stake1uxyxl08staumwthw803w36mx52l3v0y2pd4m80f5lfr833cls3aju,458,18992373553,1,1704073881767
147,stake1uy5lzk8n2efwr5plhn9g7azk60qy6xethpa85lwpt9yfujsflcgm4,458,18198284862,1,1704073881767
148,stake1ux87jn4up9l0ypcfkqaslh7vrth8axmtlxx0e02uxds7uwchanv87,458,17567234868,1,1704073881767
149,stake1u9at79skhzsqsmefnjxvq42yf7fh98qq4khq6gk4re2pamcnswld2,458,17316030720,1,1704073881767
150,stake1u9mermvz8c7vdavxa2cc8jr2mc6upxqlmjkyc75yxzkzh9s8sedm6,458,17265501309,1,1704073881767
151,stake1uxljvt86fq560glv7rfcwch39jsaqkyse3amr6ts36l7rtqfl8ev9,458,16350900888,1,1704073881767
152,stake1uyklr70q8n4vxy63y3lx07fuq72g43nl9wpc6l3dmdf45tq7qc9tt,458,16255051037,1,1704073881767
153,stake1u8upswmv4ajs0xvu30qs4q70m8dtpg9zwutclerstwpm8nsuxtjxr,458,16241910677,1,1704073881767
154,stake1u8ljen8g2553k2288zec9l0eur0dzsm7dz4p6q3wupsg99c08yh00,458,16051333262,1,1704073881768
155,stake1ux90a7na2huyrjh984s74hm6mtjdsn0r98dwnsxaca9wujghcm387,458,15801440257,1,1704073881768
156,stake1uxt9nk2nhsc7v29qpyfet0vc5sqm8urch8ks8u4d574ygus56ukvv,458,15623163040,1,1704073881768
157,stake1uy976dd2yt7f47zl6rktlnzzsjhl9xpxajazup03eree9lq8pvfkh,458,15601195174,1,1704073881768
158,stake1u89sfjutue9qesylupanmg7ce75kqkuqmr6turysqd6kqdgs7kjts,458,15493039602,1,1704073881768
159,stake1uxvfxq664n5a5try8ph0dqnduavfun38qpj2k4grn66pcqgc3fvuc,458,15340705920,1,1704073881768
160,stake1u9z9l3cy0u4rrhdzl0g7t65qzjpcl2thvkwc2mzjasewlzsztzwqc,458,15281057494,1,1704073881768
161,stake1u9q04v0xmn3mvt5ndesfgup3cg4836sd9gkj77qak8ujcvg9fscvr,458,15203810554,1,1704073881768
162,stake1uycnehj8p4jxr39cpt2xchy5jmarkhx36s5grqztszjxwlq25gkmg,458,15153067180,1,1704073881768
163,stake1ux8q6z7lr55v2lfcl09h60uvrsjnfh3axsjstes9tv8jtuqnqul6z,458,15149303132,1,1704073881768
164,stake1u8sy4x6myusshyyxn9qhpt9ey6xhyndusrl4uycfuknqm3gqtkgw6,458,15149171673,1,1704073881768
165,stake1uxraga7e662vaz3krmj2j2dc8pmxfrp9swvk0pdrdegpxgs5x0lfr,458,15129219017,1,1704073881768
166,stake1u858vcg8t2d3gutgka2nw2psz3pvt659c5rdr3rpr3faktqmwtyk8,458,15119325652,1,1704073881768
167,stake1uxxv0rgm3p4vsd9dq30s38hwjsalp2re0feqz2f8m3pq4sgq6h6e3,458,15054923725,1,1704073881768
168,stake1uy9m9kecnax3nrytcqen6ywqtc2xvu9v7pht5tzw6jy4tng0u2nae,458,15039389851,1,1704073881768
169,stake1uxr8duaphssa5r34u5j0vzje7lmgtqjv7vv9nfmkurhlcjcetdqd5,458,15035010639,1,1704073881768
170,stake1uyvr33hww6ft7kz5yrhyuhfzt8ukwv3a2gwz9kw3xx07y7sargs72,458,15020660565,1,1704073881768
171,stake1u82dcujaadepjyr4te478p5h8zn2krjmk7ewdwj7qg2v87sgjhlk5,458,15014144566,1,1704073881768
172,stake1u9dc0l8adf3qgly200ua7peluzv09a06p3fags4jqyaajgckwv0nr,458,15008221295,1,1704073881768
173,stake1uycd6234uey60ytj8mrl8jsgf4dx8guxct5hulhy4t69ktgrahvre,458,15004039151,1,1704073881768
174,stake1u8ppqll4yacsqx6x2q3e7wnudqqu36e6gv7zgy8qzrkaefqvd3sjj,458,15000984966,1,1704073881768
175,stake1u9j0t4y9upe8j3k7tgrpy0h7wlnqzchaw3hlur7yfkccc3cp6u95j,458,14537905353,1,1704073881768
176,stake1uxyfe3vs627yzyyslmqj59yh7tqcl09rfsl9w43pxwhyyegvtem29,458,14326021745,1,1704073881768
177,stake1uydskuxm2cxyc2sdydjtq3xs66m8dnekkxszhvvrjx82f8g0llu9z,458,13999182362,1,1704073881768
178,stake1uyzjv073tsdaz7xayh0erqpm4s0tjgrq3cyal7wfs28qugsccwq9q,458,13698264026,1,1704073881768
179,stake1u9mygtsrjcckadjnfsdqjlzhsucw8h37g5fz82ppaqp25us0nfqkt,458,13659706073,1,1704073881768
180,stake1u98d22qgr82r0psu8z984ymudv07al4jvc809l3qwn97ywcceflch,458,12545709441,1,1704073881768
181,stake1uxlgquspa0tv3n3wgd82ay5yl4dm2j46deh4f5h5jatvqkq39pndr,458,11447339432,1,1704073881768
182,stake1u8qpvfptdrlwcwfdj0rf5a3elk740qrch6eaxee773944qqlvtu88,458,11341353557,1,1704073881768
183,stake1u82pdalz84kawrvzsy2lgt7pkqrh6u5phf456wjuarn449c6qactq,458,11219123435,1,1704073881768
184,stake1uyareckxyxxlvd2vl9rhtnddyd6sgkfl2ccamhyz7ac5rns5w0vhs,458,11027169043,1,1704073881768
185,stake1uxv439u0u53wf03hcyf798u5cwfg30d0shf0lqnr77t4k3ch0ar7t,458,10602080470,1,1704073881769
186,stake1ux9drka4fp0qxll668lua5nw5mzj59g03yauc6z6epy36wsam3jh3,458,10522621905,1,1704073881769
187,stake1uxn5v6wj8rklfu0ycjkzzvpww449c6f5lt4d59925qr73jqvgyr82,458,10495926935,1,1704073881769
188,stake1u83nj3hacknam8xuck2lqlp0mpcw8j7y34eqfvcuh2qskrcar4x5u,458,10424148175,1,1704073881769
189,stake1u8k7c4lk9ulwwjehu28l5w5hq3q6uuz4xdrry74crwu2zjqqy8xhy,458,10253921668,1,1704073881769
190,stake1ux99txq8a2t633sr8l6rm9xzltkts4dkd2a4re4m502jj7c4a2gug,458,10181736672,1,1704073881769
191,stake1ux05jgyxyuxuldpgmcxzem8vvc3mz4us9znsf4xrqc4swlqwfp0jq,458,10123745275,1,1704073881769
192,stake1u83paj3dc76xykt38vwl0a5ufvy3lh7qzuff0jn4lpwpd8qm65trz,458,10114079751,1,1704073881769
193,stake1u8d034utd4yarfxea304g7wlmzjcxpt0y09khf0jfdx2r7s8t7enc,458,10081909421,1,1704073881769
194,stake1u9a77kec9lnrhqv59ug9naeandsfsxlrxhhe533cwph9nfcnhmzau,458,10058604511,1,1704073881769
195,stake1uyljanhgqgm5pmm7k20fzu4q7r5yzyl3ypu5ez0q7pwg6pqlswk2f,458,10040789716,1,1704073881769
196,stake1ux7rp3fc4zxeuz7nh4v6uwrvz4hldgyz50sxhh3w3p426hq6rhm0y,458,10033131675,1,1704073881769
197,stake1u8e8vd42gqz3nf2dmdn6tza8r5fgu40x8hwxppa40jqmhygelerll,458,10678694931,1,1704073881768
198,stake1uxxwme302z0lp95jx73a7wlup8rca2d5gqtyvnftajys8pcfhztaf,458,9752794732,1,1704073881769
199,stake1u83pfm2eu0svzmpldk5uqwthcc8dg4972czvgc7nks3v3egeds50k,458,9594116661,1,1704073881769
200,stake1u8rxrxwh8dlx6ha7ryesfn7k2lumkd3um7d6ld9gtq57g5qkvlqmp,458,9995834387,1,1704073881769
201,stake1uymwjqz2a8xkd2am2364lanf8h3xnf2c3dp6uakq2umwyrqdw8shg,458,9311582186,1,1704073881769
202,stake1uy8cf8a49yq8ezetdsrwnj5x6prne98d9mk2hmdzgwgkkfcurrspe,458,9028893399,1,1704073881769
203,stake1u8paejkkdszr4xujq9uudsacmh48yfual9775agzrmwmhysc42wv2,458,8928939813,1,1704073881769
204,stake1u97tm66fau2z9jxdhf4hq6ndtg66ue02y4dta2lt8c5nq4qv568zu,458,9957560481,1,1704073881769
205,stake1uxn3f8w3m53xdls6j39jptggvkllppu406hcx8crh6t0fjqve40ah,458,9044714366,1,1704073881769
206,stake1u90ce3cym5v9ckrupmlwnzts8zfa2zq242fkqc7kpqcwl8sncp00g,458,8820924983,1,1704073881769
207,stake1uyqzsj3r94ft8dx9vsmezgdu0w93l3k9j2yfetka0qcmx8gg3va2k,458,8819725399,1,1704073881769
208,stake1uy3g9f8tgzm2ujndj4vnndw97ytaltvpkxhg0940duyu4rs7m64s7,458,8745929656,1,1704073881769
209,stake1u9rlpjrmyu0ncvwjd53hprp27uygjzjazs8ururkmpyr5vcujhyea,458,8618384224,1,1704073881769
210,stake1u9fxad82elj86vc3p5pfc5y07q35gahjfhxe6qf2z4caw0qyczpp4,458,8470257983,1,1704073881769
211,stake1uyu5jeq9gust3e4ns4236uz3ewg2w2qpr4tyetafv85rsrqg2txvt,458,8185134681,1,1704073881769
212,stake1uxkgdr4jly085kn9x2u89f2ddmrw9z935l64dh070urarvg3naphh,458,7985766641,1,1704073881769
213,stake1uxeeqheaef67cj7agqzsjljae06yelf08f86ve6qphu057c4s0v0g,458,7725610551,1,1704073881769
214,stake1u9htqwpj5g84yvalrmnlxcmjtt8eha6lpjw4j3pjnfz8nvqtxrkdx,458,7676513965,1,1704073881769
215,stake1uy0zvyhk53kvzgjy8s93tty00eckc4s0cgm5rfmasedh98g3tv7jy,458,7549810421,1,1704073881769
216,stake1u9wkl7htekcwk54fvckdxfej792nt4vyzjdttnkf7zhq2qsy6702f,458,7499670042,1,1704073881769
217,stake1uxzc2mz7ufu33n45h4kf3fwh0j5cxadfetgd38xccw5x9nsp7yvpt,458,7459794756,1,1704073881769
218,stake1uy6kdgnq4ysa0zaqse7yez37a7r5708l53ptyjfcsqnrzyqv7nzeh,458,7394616380,1,1704073881769
219,stake1u8df9je296l4r2nndlmfff6z5n23jpk0vlx2lw7smkkzjhsh6vlwa,458,7387119862,1,1704073881769
220,stake1u944atkz3sn863kwvqezdst06ydafdzpqg24rl7ewh98jqgjkmr8y,458,7247867594,1,1704073881769
221,stake1u9q4lvmtjtfnwafdy0sn9nvsrt4rgj7pa4gcp5lq47cehhq99n4at,458,7064565404,1,1704073881769
222,stake1uyrc7adnncyzqhmhqc3n9nwe8m63gjw84ctwp7hztuj7jjc5dnjxz,458,7039328714,1,1704073881770
223,stake1uxnr4hn7l9h9kerkq6jk2vqks9ahs7kd4kq0ch9d0p63ppcjmyzan,458,6910034020,1,1704073881770
224,stake1uxqrq8d0dv5vqn2z3r9g045vh9p7a7vhynlfpa394fvcppg5sa6py,458,6799796862,1,1704073881770
225,stake1u8zj4rhr6pr2de5jjdzu3vlur76gqxzfmkqyt9hmc8rmjlsx8e6kg,458,6536878833,1,1704073881770
226,stake1uypdl4jcj9mvr2feg2lz5nzfzm0860jexer52pcgqwqv4kq8dgkfg,458,6532278296,1,1704073881770
227,stake1u8r8cw2qrud85w4fy8j7gmdml6sa99npnv0dh2j0pe5wu2spa0x32,458,6362341071,1,1704073881770
228,stake1u8wh3g2tg26x6395c0anyqld0s370fck5kfn8ys7x2y7cusnl26sg,458,6290924958,1,1704073881770
229,stake1uxne4a5x2vrfz7n5uepq0wp3vyvnp2g8eg4dvs6qalpvqdg5mgh4v,458,6038632416,1,1704073881770
230,stake1uyq0tnut6l7ydly7prg7xyvdwz80cu6qr6t57mqnydfe9ysn6r4ya,458,5897745245,1,1704073881771
231,stake1uxlq80jcegeywqz4730mu0a02ssf8nhslvep24e93u2pwugh2er79,458,5878671725,1,1704073881771
232,stake1uylc4rmyuvaq8vp9n7yjmlgw495d638c3alktskr7u3lkusd0x8ja,458,5871178329,1,1704073881771
233,stake1u8xcafgps2rrzdpwg7w6940znefuefeq2eag8ck9xh8k0fgv88pkc,458,5822299887,1,1704073881771
234,stake1uxl7wty8n7xtk9mdr29zyuhuvvmc9n4g5p55xjvtpmaseqgd25k6q,458,5731973119,1,1704073881771
235,stake1ux8rdky06mfa48yklfhkshn9zdzt55k2ap9n4zg6a6lsa5sp25d57,458,5430917727,1,1704073881771
236,stake1uxxlggdzyke5d4cnwxd70h27mpzqtzl5mfa5ucsyy0tkaygv04jm0,458,5371936543,1,1704073881771
237,stake1u9tjv83mg4fzh9uwjlje3reqwxun2553hzqz4d7ff3fufnqv4rqtv,458,5333320805,1,1704073881771
238,stake1ux8z7yugtzy8cd5j0je8epn9c7kk6gqrueuvl5hs4cvu9gqmxt4vr,458,5294560241,1,1704073881771
239,stake1u8hx0cd8sq9q6lc96vht58s08el5zfdnz5prchmv9hqsejq5fxmp6,458,5275137571,1,1704073881771
240,stake1uypx45pt9sfypflau9g38vpx64j3ej2wg7jzrym4rng2rrsxzhu3z,458,5170871236,1,1704073881771
241,stake1uxtz7s23m4qsd34r650krhup64aevmhzrvwym299xe5qltsg6ycar,458,5153754120,1,1704073881771
242,stake1u89txxj5ya5yph36nynyca9sqmgfcdck4me3975efpksppqcd5d0l,458,5117331901,1,1704073881771
243,stake1u92v2596n7ukx03gjrl64497rxg8ezzxmksq27xlq3lcqpsld5jqj,458,5069552428,1,1704073881771
244,stake1uyu9r275w99xjaqdw5fd63e7dl4xrygeqm60pwpx0gd2amq7pg0n6,458,5031916397,1,1704073881772
245,stake1u8p9ykj6l7xeywafpyuc4fuu2lp57gqez4xhdpgzyuqfzmq5q6hl4,458,5021521625,1,1704073881772
246,stake1u9dzrpvl2xweu0kfuezmay42s5ave32hz4pq4ych282scwswz9d8d,458,5014269531,1,1704073881772
247,stake1uyx7dl6m52lr029pnvyx6a42fnpg3cjck2gg7cdas27zydgk2rfve,458,5004908525,1,1704073881772
248,stake1u84vz6qnfuuk6prva473nzf64hmw4u3ln904jnpp3ch89rsqy5tm0,458,5003656384,1,1704073881772
249,stake1uxdqrcmgrkyt96ej4ffd7k8n884s4xlmcrud84n97hy42kqedg3qv,458,5e+09,1,1704073881772
250,stake1ux2q5h43eds7fgw00m9e04ptnuf6hszafqmrr70mldahrdqte04uf,458,4844875891,1,1704073881772
251,stake1u8ttgsyz9pjq02r6w32ha52hgtt69t0pt3qvga3gu7sx7vsz76hj5,458,4790654304,1,1704073881772
252,stake1u9mrf39j3hkgu2pglrn4hfkqedsjaqyl9h4083ysu0q53squu3hft,458,4632677313,1,1704073881772
253,stake1u972gdtuhlnfzkxpl5wrldz6dtddjz5rej57fnfh0mpfcxc3j38g2,458,4627674817,1,1704073881772
254,stake1u8z0ttjg0mpu9qd7yp4y58y4lr49uh4rt9gsyx8d3ye0dfgqun4x7,458,4591606981,1,1704073881772
255,stake1u8wuunsmgayankg2y9pfvx584dngfw0wpjgj56td57ldwtqf7p5lj,458,4454354993,1,1704073881772
256,stake1u99gun5w3fh7xfy7tkgm0lslta7gl3tsa38wjr7g8qvaf5cdl2xgd,458,4452602872,1,1704073881772
257,stake1uyznhddcxx8nf8es3pyapp734f7lsnqjq2n6cpe7fyxdl6ck7nxs5,458,4428736603,1,1704073881773
258,stake1u92zacnun7zkj9pk244y3sk5wj0dj9tdlhazwn38gl8vylshykyws,458,4394468920,1,1704073881773
259,stake1uxnl7jtzakqcfccj87u0nn6njfxlr5g6tq3zjd3vxyf26xqd8qy7t,458,4295468978,1,1704073881773
260,stake1u85y9vkxt4m2sytz4w737l94rzzjkaw6dgktuwhxh5vyy6q45kupf,458,4247490036,1,1704073881773
261,stake1u8k538x2uqsl3u4huljla73a6rvcx9704ygxtv76ym88p5sdsuhs3,458,4232362102,1,1704073881773
262,stake1u8g7qewr2xnnrk89ptl8ux9du3sy05zzkfqwkryapnv4nzc4lcrn2,458,4236429073,1,1704073881773
263,stake1u9ppkjwt62x9zxjtdkwtqhqhedh2hs7fv70s0yf5q557n9c8h32m4,458,4131963327,1,1704073881773
264,stake1u84lq0hynvwgwkmndc9puygmzump3vjfyg2qgflmplsma0qwk7a09,458,4064203670,1,1704073881773
265,stake1uymtgf2gj50nfa25anw0qvxez8tqazcc2kcamr27jm58wtcwqw30v,458,4010817935,1,1704073881773
266,stake1u8htlvalarn8mrqagm9utxwxm6kemcscnyena62l63gqsqqra69jj,458,4005458286,1,1704073881773
267,stake1uyunz3jry6nl9aq35yalscaw25tkn3phegxln7sx0au8m8q0345na,458,3980365855,1,1704073881773
268,stake1uxl9te24w82w8p9lwww6e2c7c4uqyuxnnml8thrgy6mu9wc6en4xm,458,3855179441,1,1704073881773
269,stake1uyrxx0qfs3rrgt5n7caljz3wvm2dkpxv8w0486q27sy0nxcy2m5ga,458,3844663019,1,1704073881773
270,stake1u8qurm9zhyzkjd7lvxqjz7he5gq8r6slp6wwczytsx0cujgtfjcv3,458,3754463195,1,1704073881773
271,stake1uyndnp9qpx5d9fvamx4ehdpx6ur865sl8jxpxqwn3tpj6xqyqqq4q,458,3558516699,1,1704073881774
272,stake1uxvg0er5287kqt84l3dzsatzef2z4vwfsu65fferhe6yufg2yxpep,458,3518073124,1,1704073881774
273,stake1uxukt8mq7njk8nqz7309splrwnnpmdsnjm77fg3khd9thzs4vwg5p,458,3504599927,1,1704073881774
274,stake1u9e64ejlamwtplud9sn69342pxekw6xvyha04pcl8wl0ujc8r39j3,458,3497969463,1,1704073881774
275,stake1u8tce78pvyfuqxe7apc2nzll5dn988xe9zw2jzrkjez5gksj394up,458,3237822707,1,1704073881774
276,stake1u8vhqgwdpkakxerw75ysyuc4tkem4ngmtlrcajej7kzsh0qk2zn70,458,3090670395,1,1704073881774
277,stake1uyea706gyemq6pttgpjpccevf5jeekwxlzwyj95uafrf6ecx2z0se,458,3062414804,1,1704073881774
278,stake1u9x6m9c48s0k6vwkn72833refd8c4u52lvl9qwy987xa8dgklcu99,458,3020267389,1,1704073881774
279,stake1uync0dus6nsavyw6setpmq3r4xxeug26wlnhk6v0sfazxccugwwr8,458,3008560573,1,1704073881774
280,stake1u8xh70u0e9wgvy04wdr8pcj55834uhu7dvnadv2zp6tyymsurrwzh,458,2994722493,1,1704073881774
281,stake1u9l28qflhqwrae25jcw7xvr8yqt3pzyvmssxnkhptq72x9qcgm09s,458,2989307347,1,1704073881775
282,stake1uy9crt0k0kmgf3krakcw069khknjztffhyd9h7z0wxfswkswyu8c8,458,2976214072,1,1704073881775
283,stake1uynlyxa6f3nfnt8wtyvj8mfjvzzjlcjg36aacxztcrknrsq9qu9h6,458,2958929638,1,1704073881775
284,stake1u8ujerkr53tmqkwnqkly32k7r02fp90ccuuszdtg5gdgk0s64r64z,458,2917229678,1,1704073881775
285,stake1u9ycqm22d25dcd3z69drn22w32x3u5w3t2zvkpd4phc84vg7vhcqa,458,2905793268,1,1704073881775
286,stake1u9h4jrpj2pstcc22px5kaq94tlv8pug2fujc6ka33z20xys8qv559,458,2862294128,1,1704073881775
287,stake1uxrefyjhwy0na8psaylum6m6pa4s85gvmqgn2ntr6mylqwc687k5c,458,2797273300,1,1704073881775
288,stake1u8hj5zav907heegnnpteaaa9g06wuevv2wux3wpemhpql4cwv3dn4,458,2755709272,1,1704073881775
289,stake1uyzzdum8e6ktht6gyxnmaazkp93m05nwj63t5qwk0pfsl2s4py0e0,458,2749527772,1,1704073881775
290,stake1u8awpye4lrze08e6rdjnstmftaq9v224f3u3g52ywhxt9pqdvxacd,458,2723836938,1,1704073881775
291,stake1u9spzcpkvyct750f8z705w98zj5qrwajyj23u7phqlz5xuqll8fa4,458,2661759374,1,1704073881775
292,stake1uymv705zyqe3tduhp8lf9ng2rk8z250yyde6lawphghslrsgk5j0r,458,2615627099,1,1704073881775
293,stake1u8zdc427nwgmhywe9758d30jgdgf82n07ryusksdnqjuxys4lvv9c,458,2596824352,1,1704073881783
294,stake1u8496s57mpttdsr53knrnfm9rnadkyc3gxj8he23t2nj94ssay9ah,458,2594836448,1,1704073881783
295,stake1u9z5qr9pmqan0kdacyjg8ngfa0uln2ezwumdwpe2kfq4lqst7e9ck,458,2556892337,1,1704073881783
296,stake1uystctcr3uthur3n4lt3wcqu88fxadtljdhs4dnp09kqrtsyest9u,458,2553626936,1,1704073881783
297,stake1u9uv7elcx4ltdypzn5z440s6he9cvf8sc47w32kw2pt7g3c8hauz3,458,2531065773,1,1704073881783
298,stake1u98uthz4n2hvzakvy98lxjn6wuk8du6sajvfnwcl08kw67qxuskue,458,2520786324,1,1704073881783
299,stake1uyag4casf3laker4glgfv9ssv2wsnk05dvnrmk4csmfjvsgaf93a7,458,2515448779,1,1704073881783
300,stake1u864phtl76x8mu6g9jt0ksrtfw00yerec084hqyfh383y8srtz597,458,2489869122,1,1704073881783
301,stake1u870xl8c0gj6jqhnvwhsxn2jwqntgs567jwtgslp4z2z8ecxesrvr,458,2441324790,1,1704073881783
302,stake1uxa58mu2qvx8pl3temqccra0vns7k6pq6zyh0xg78mk6jlcwcak7d,458,2406068342,1,1704073881784
303,stake1uygzzqdgqqs0kdwu6fnp55lu86lnrt8x6hglav8g9qraasgpm6jtm,458,2393423547,1,1704073881784
304,stake1u8ezdeaz9qyeth3lt8rl6tdyetxam45ny4h2eta5d0wcfpq9wfl8c,458,2367496288,1,1704073881784
305,stake1u8fz740qxtp8295r0p0w7lqzn9609sx69uewsg5jjw670kqzqxxhr,458,2366173428,1,1704073881784
306,stake1uycmymqt76nhweef864fqrx0qlq7ejnvhza4x3a802d4x9szl8x9t,458,2319925650,1,1704073881784
307,stake1u86mzh3xuwnhg085qjnk90hscysmv7tc8x6uhuh24cyht2cg2jcdq,458,2278894183,1,1704073881784
308,stake1uylgdsg8w5udxext5ujyen2v7sw3sh394amgazmujhgx0vcs6hm7h,458,2278614100,1,1704073881784
309,stake1u848l35q8fk3890qp0epkr86w7q3rwkp9v3sz8mgyhxxh9ch6e0fp,458,2236223428,1,1704073881784
310,stake1uyjqc2z62sjzgvqp0mv4lmym9dce0jqulgqjp8rk3uk4h2gm7waa7,458,2176283894,1,1704073881784
311,stake1u8lslt3s59yj9639cyj80l3r64266y8yawtdk0zjty7fmpc49e5xh,458,2153764601,1,1704073881784
312,stake1uydamwt5ed7emv56pwt3wqw27m537v98c945jldd4ewm4ycqjsmhf,458,2113431321,1,1704073881784
313,stake1u8qcspdzmpe0guk54pxrecgd5z5x00jw80vj6axp9qq4csc9r3jnx,458,2111151553,1,1704073881792
314,stake1uxmtyxvz9fay4d0st42xkeydu4zljj07jfmq2hh7crh8krszutl4g,458,2091803595,1,1704073881792
315,stake1uxwulzz87pkxw8pcj29kwkz5tawfz2sk7xf6j3vydc9f3fqrw7v9n,458,2083521713,1,1704073881793
316,stake1uxrkfpned4x4gz3jzefza0jhxjezee9vw9kwy35uzz9xg7qkhd55v,458,2080185629,1,1704073881794
317,stake1uxvlns73zn2ghxrgsx36ujkyffhwlsjfkff4d2gce6rkktszwzrx8,458,2010657354,1,1704073881794
318,stake1uytng9c2znq38gf00qw5n72h25gxdm25waqhntl0reajx5g0rrrxn,458,2010053560,1,1704073881794
319,stake1uyzjz960ufu3fhe2yzywfkqpxsvn2ffarw4fm84s7tctztgfav3gq,458,1981947921,1,1704073881794
320,stake1uycsczfwn69ak7tql0kv5lyhyr80zue86hkrnlhvsfselrcp5u488,458,1980104867,1,1704073881796
321,stake1ux40gtlhlmz9u0vst0fn9matd8xrtg3n53qa2gx6umzzl6gc7glyj,458,1919274721,1,1704073881796
322,stake1u9z8y33y4lezkxju0tdect0kdxq04k963aku8ggsxhjzz9crz9cyx,458,1877486380,1,1704073881796
323,stake1uxwx7h498pxlmszdk2w3anvxuysy4n9cgtvwt44s0a76lhcyn44p3,458,1826369630,1,1704073881797
324,stake1uxjp7xu06ys4pqv8gjrrhnnjzs7j0t3rxvpk0fefx50nwngw4dpzs,458,1795383597,1,1704073881797
325,stake1u8r7frsptmt4dcma4r926dlwd4u9zxfy052j4vnee5vy26q69h0ry,458,1736292946,1,1704073881797
326,stake1ux8mkantpyz6sg8p0ygtg6mdjjnurnxvr5jg5gu88enzetg4l3rld,458,1667589169,1,1704073881798
327,stake1uy0ygz3574mff459vv7fry6shru0n5hz9h5czadw6rwxkgqh57ena,458,1657235840,1,1704073881799
328,stake1u9r2tfhvuws7x52d470vcrg3zf82jh36jxdzfh3a20c4vqq7a6xf5,458,1628723387,1,1704073881800
329,stake1uy8jlj4hw8sngsals2r0wxanak0xhutf95vxlle6f6hh9rslxr2h2,458,1620380407,1,1704073881800
330,stake1uye8k85qmxl2rqn5qjaqqxzxefn9c82q9nr8esvs2cdt8xse550vr,458,1606601017,1,1704073881800
331,stake1ux2c3tncv5366m2tzv4agrp7xmut6d7lfppqayagjpnz22s49u9c8,458,1605661143,1,1704073881803
332,stake1u9dzsffpn9q9hz80c96gpmnag5y30h72pwunpaxyyjfrczsnv3hw8,458,1603491837,1,1704073881805
333,stake1u8l03pccde8aytfz8wehn5d8a69hz64nmp0clq8me83n2wg6n6692,458,1602978978,1,1704073881807
334,stake1uxu50xnptyhzfdst9puuh5xwvmr39du5s0n77680940fgug4zc6f7,458,1583361050,1,1704073881810
335,stake1u99l2jxntwkp7n0867fe6ltn8ldcwrct9shkejjwv4mgq9cvm0fwk,458,1561325047,1,1704073881810
336,stake1uxtgqj98e8gy6xl7ttkyr3g07fzkcwl89g6uprqd9chrnucck226e,458,1555184539,1,1704073881811
337,stake1u852evwzu8ut2agg0040g4yxpnj6ws564k7anylfff8s3eck04um7,458,1542990290,1,1704073881811
338,stake1u8jjz4w3frqplsg3qne7c332ksvn42a0u59ll8u2e602rmqrqncl7,458,1542203417,1,1704073881812
339,stake1uy743u540a27d8u9uge7lss8xgf09q34y0pzrj4mml6ew4s6xt9r6,458,1517985302,1,1704073881813
340,stake1u8e679rqqhdzhmt2akuap02ecfnxdf92snj6kt6p2x9ngyqvr5mfd,458,1504976117,1,1704073881813
341,stake1u9skza5nekr524v32v43vsntshuv4tzueztpa9cfevnzjtguc020c,458,1502115505,1,1704073881813
342,stake1uynsnt8pte5zj470kurdhadxw0prmd3s9prw9exmfauvrlgre6wc2,458,1500702643,1,1704073881813
343,stake1u9qrakfkk26chkg492emn3ld2mny4qsqdcgh5pq80v80rtcp2vztt,458,1500634511,1,1704073881813
344,stake1uxuwfgrazlsdlvdv9sd2h8l2uct3up8pqflxtl6znfuqs0ckf3z29,458,1458134360,1,1704073881813
345,stake1uxs6ewe45m58fesg89alultrljzefwe5fhmmacuk3sq4las2ppfar,458,1414694697,1,1704073881814
346,stake1u8e3r674nfrlwrc0qdznxj6tfj9y4nxxgrvvkk5dwm47z9c79dkw3,458,1400907171,1,1704073881814
347,stake1uyldpl3h95w3dz6ketclr5jueytr3z7hxrkajccxz37j6yglf28gn,458,1377500872,1,1704073881814
348,stake1ux9xj52heq9fhsy83jlp7muvajqa0p9jnmay34zzsa5kmfsfwydya,458,1373387319,1,1704073881815
349,stake1uykttxxdh66af5r8fqvn3kg3s3hvx47zvmfehac6yec0tcczamhpv,458,1345838155,1,1704073881816
350,stake1uxgxjtd547cuuwjwnlvec8635crz87sh5qdtd7emar5xvvs3pczp4,458,1326573099,1,1704073881816
351,stake1u9re048d2h2s5ty37w8wwxh4jz25g53zs230u0dd7swfpdg7t48hl,458,1321401143,1,1704073881816
352,stake1uxj29sqr4nua9n83xvful3k26x0820mc6pes2vd4ctn2shssn89x4,458,1297466589,1,1704073881824
353,stake1u9ahdkv3y4dg6np39mry2mwve7re9c5ruh7xgfgdnf3046g7g0a4t,458,1281509152,1,1704073881832
354,stake1u8m79rjy9g34e4nyfvp2tvlsppe256sgfq8apyums4tqe7c4quvpa,458,1278234703,1,1704073881832
355,stake1uy28njq4xkhn99z9yrjymt7xcawzqerrzv4hct78uxfjc9qjvhasy,458,1272651924,1,1704073881832
356,stake1u84jde0pssdu4ypcpwv76n969v499cqur6rtvfhmqgf56zgsu072g,458,1253418430,1,1704073881833
357,stake1ux8qurzvrp8fzxkjpkelsys4t2wg5fj8h0epcsjypauwptsxlnmxj,458,1252984616,1,1704073881833
358,stake1u9da75eadl2a50dry978342yjn0tn4fnpr3gzdmhrxkl4zs84d2y4,458,1233704304,1,1704073881836
359,stake1uywlkgxx64mqutph9fw57dsm95qm2laz9m5yf9exws6yrsc5h4dsh,458,1212074692,1,1704073881836
360,stake1u88gvrdcus9gwyhuvwxayz3jxrapsp3e6t97v0q4jrpq0dgk0xl9a,458,1207163632,1,1704073881837
361,stake1u9jy40hz7ehfy3fjvjmaknfnl34wux9phaksr7jwgls5ghggwputx,458,1202127144,1,1704073881837
362,stake1u9lsgxxe2vxyqvla0ncd7ev98yfmp4mvtqgntktvv3urhzcea7297,458,1201819673,1,1704073881837
363,stake1uygs7ez2vs22kf6xfv24xcd8wtlcyvup4g3kwpsmuwrnksgn0ra4z,458,1199547129,1,1704073881845
364,stake1u8njt0cwy5fd004ls2m9gdgsar39c8wumpx0kwsce5hecqgsr2llg,458,1190509765,1,1704073881846
365,stake1uxhnc9tkk542cm0ruvzx9jhprv0v6c4hy0ljy02h0nd5g7g0tkq6c,458,1183634915,1,1704073881854
366,stake1ux4qkge0zysmmnts3zwltqufvszh7seajx747x9qdzxhxaqmr2t8q,458,1181517758,1,1704073881854
367,stake1uy26v05qkrnqgzv5vahdwkp0mupyvj0d4lghf7kjdwculwgxzx5py,458,1163579988,1,1704073881855
368,stake1u8a9f8v09xd68hthdeg9fw43jpa893fszqugy4j32v5sadcfhxy3r,458,1160688609,1,1704073881855
369,stake1uyvqlqhw772mkkpun7uj3ep2zkad0v3kph4cchpas2wpjwsurkvzk,458,1152346541,1,1704073881856
370,stake1uxsksfl3zke76mc3jsgrjxq8kswny6t733cdmqaqalwv9gsrvcrj7,458,1149474244,1,1704073881858
371,stake1uy2ukh6ce02rax9dsn8ykt5ymmdjf0tn5etrhnuwj5c3wkgnr4l98,458,1146072300,1,1704073881859
372,stake1uyckj72v4q6t239s477ar75fjf2jcwj2k4w9u8dkrpjcsvgs4zlkl,458,1150196588,1,1704073881857
373,stake1u8qxfn0uq9nq9ngw2cdnaa3ectvwfe0mmlr0vxe7u3atfzchna2pj,458,1145894404,1,1704073881859
374,stake1uy8gzphuzlnzzmknsl0gncq7akj4nwp8ss4fpl829wsty7gygf9wc,458,1145326224,1,1704073881869
375,stake1u8hhmqas96gzrhf2d9wd29h20zq5jr6xumt49wwjca48hqsnkw028,458,1143056001,1,1704073881869
376,stake1u9u527u2qqtxhkkuwgmvdekryveldz2xndptm84qz7yrwxghnmthk,458,1131843794,1,1704073881869
377,stake1uyj8m7rpjuaayv69dw9wj84ag006vdgszsu2whcge7uy0sssv49vt,458,1129618756,1,1704073881870
378,stake1uxewwjlu8fzpdwqy3gwtzu72tkga38pkmgt6rhz27zkwgeqtmyen4,458,1129612061,1,1704073881870
379,stake1u98lh2pewcw323j0y7c2acr352msmfmyrxnvscy7cnwdt6g2wn504,458,1128112336,1,1704073881870
380,stake1uymj2x70m6xvcvm88uha8l2ydmtmpkpqt637flm24eg47gcanelm5,458,1126146807,1,1704073881870
381,stake1uxwnlsf8efflg29ppvhggmeerhp9ahm336c7ewxdx3y7w7svttcxd,458,1121780129,1,1704073881870
382,stake1u8twfwwvfqcj2a5fg7pjupmhtqjk5z62pufeetce3nnn79swa73ug,458,1119112086,1,1704073881870
383,stake1uy0rkkcmr8fm9r3qhpzpdtmp5lmj5ltsqlzcynlmkpcr0essu3tsj,458,1116298451,1,1704073881870
384,stake1u8yznl92pd77n4ewtpjk5twsezk0r59d6t5kr8yn9kzug7qs8z4t3,458,1111427223,1,1704073881870
385,stake1u88uszskxspp3dhzwhs5wvhn9nt0jhvtf6cfuxmtldkac2qrwkv9s,458,1107891234,1,1704073881870
386,stake1u8ms8uecu4tuyhxw8hydd7hq56w6qpk9szlpypu276p3c4g4etnjx,458,1104872410,1,1704073881870
387,stake1u9cg3299eptz5mjzdp07u366wm76s70zntahp3nhredh7eccyznrw,458,1103385111,1,1704073881870
388,stake1uxd8eqlzl20pxfkqqkg7x04vz36r48255p2j6jjhwltvxjsvtrnmp,458,1102776351,1,1704073881870
389,stake1ux2nn24kvgll8rslecs7h86rl5w4jmvaqwwssn4qp6fny6q8vt36k,458,1099379394,1,1704073881870
390,stake1uxygc3hswjcwhrh57jk2rgangs3wzdcqyxewrzl8r8jf5zswmtde7,458,1099029691,1,1704073881870
391,stake1ux6nqetp0qr2gjkqfgy3cw5lhzu50vn5d0x2ltmvjuxdsvstfa8uy,458,1098316589,1,1704073881870
392,stake1uxar9cd3p72k9rgw5ftacyyff2xru96ayqtscll6jcskylgefu4h9,458,1094998545,1,1704073881870
393,stake1u82z66dzl3q8yfpc8w2hwgcr0lam97885qvc8kjajhvxfng3f3vxw,458,1091716645,1,1704073881870
394,stake1u8fmvkgmpel0xjyeknl68mehf3weu92583c3n798mhytkrq5ac5s7,458,1089227300,1,1704073881870
395,stake1uxhqdx93zw8qnj7kve88mwgxvv9attn0vug4funs64encecemg75h,458,1087898071,1,1704073881870
396,stake1uy39uw434szyc5vpq262952630gl4rkjhn8505h88t4rl3q7kr8m3,458,1087755778,1,1704073881870
397,stake1u9w4jxq4l5m4haykhranzpgw850zad2remgx90f676p92vghkwe07,458,1086051971,1,1704073881870
398,stake1uxgsw6f546jyx34qplc4f45mm6y06p3klhn2tj6esy2f7rq9rf2t8,458,1078027216,1,1704073881870
399,stake1u8ht4wue4ftvhs5jt6qxnw3n4g4znxjk77asw2szshf2q9stjhug0,458,1075013089,1,1704073881870
400,stake1u9xfq4r2x60kvun5urxksy8lvspxhmm3w0thh8gvx3zr4us4k9xnq,458,1074330636,1,1704073881870
401,stake1ux7884uzlsyfj3u4fh8087jx665lrzsasey2apt5xywgkrqkh3gn2,458,1074097733,1,1704073881870
402,stake1uyma3j3van46g9dukn32xnmfcgm3ceu6uwjm4pjnl344evcyhynm3,458,1072705210,1,1704073881870
403,stake1u9p982g057eqjkr04mlnysd9c46w7445tlu53s3c4z8umcc90ll9s,458,1072537239,1,1704073881870
404,stake1uyeshssmuevumevy6qf7aemade8smhlmgnhdw44zxt2lu2gqcq3cz,458,1068164628,1,1704073881870
405,stake1u9g2mgf48tvctg0zd3jngh2vc3rujkhz9ljv6l6venp8gzsvw8sze,458,1063939687,1,1704073881870
406,stake1u9e64utaecv8px9akfkxf678hkuqed03grrk0anuqgt8ctqjdhwpv,458,1063818152,1,1704073881870
407,stake1u9cw64a3xtrg8ugkt95ppkvlecpke7q6kqw75m2yxjku3mccwcxel,458,1063765720,1,1704073881870
408,stake1u9u5uqqdjf969ykxxg206l5wcr8uudpkwwmv89fzuygpxrs7xuur5,458,1063475954,1,1704073881870
409,stake1u8m90vu965e50m9j0ytzj2w3h6u8gles3w58m0sd8qeqfuchhc2ec,458,1062438004,1,1704073881870
410,stake1u8947agxjfppq9asn85lhf5u00clv7mgk9zl5t6lzw2ghtszt5fzd,458,1061956995,1,1704073881870
411,stake1u8us0mxw8r74s9rjks97x37pk9848ka2eudpgtf47ym8mcq2q60fd,458,1059246990,1,1704073881870
412,stake1u9qs2zulr34wpcf7p8gge2szfr3z2spt59mrma8vnhsq5xs4r59ku,458,1057713887,1,1704073881870
413,stake1u82w2gaa4pk82rslzmkz0p46ye3ahdzfkl5uyhs2ptl5phgc69crl,458,1057015547,1,1704073881870
414,stake1ux382mt629eu5utxlxmn5nzjnxw8mc2r5e2emtptkeghy0qjgxtl9,458,1054393696,1,1704073881871
415,stake1u98pun96wp5350h9kl7gc3lnacjvhem0j6ma4z77tz3htpg765ngm,458,1052595795,1,1704073881871
416,stake1u909s7utj8d32djz6crftx0zq6ht8eyl9np3a03h7qzffjg8vx9pv,458,1051251944,1,1704073881871
417,stake1uxwzwfhrjhhxdu8fums4h9m78g63ucmtqlw8f4kutltl96s3jfge5,458,1048260064,1,1704073881871
418,stake1u8g9z5ylrjmcqhzgkxzylskcrwa034yff8mmza52frtzh6qlcdcq8,458,1045176087,1,1704073881871
419,stake1u96gd2rehj83nenq8m6mx5v8rlatugvd8j03ww8sefv33jqf60a7t,458,1043401001,1,1704073881871
420,stake1u8dserhjlp3mse2fuql49msc87p6ydfgfxjlt3clmc44ggc7l35k7,458,1041705888,1,1704073881871
421,stake1u9nt87hw99vscwh6heckmwzjedghsvezfq0wxlxttn3xf7sa4gxqg,458,1039314891,1,1704073881871
422,stake1uxkfk0a0c24fam457ynfypvjf32wzc56r2twsn46xyr028grmrjr3,458,1039257905,1,1704073881871
423,stake1u9438zac7d05k2m707vx80svyfhsgq6lp20tnt74vw4pazgnsdddj,458,1038474787,1,1704073881871
424,stake1uynelylj7skj27ggedxpahmvgmnjuxxj9jvj7ga723zh4fqw3u2cd,458,1037365988,1,1704073881871
425,stake1u8nm0jkhmm35wguedjkv62q090tfuzs6dw05nl8rmf5gnsc4jnh42,458,1037310428,1,1704073881871
426,stake1uyvg62hmrkjzceg8qhcmtuduj5x53hmwfc9du0ut3cgut3gtgwtdg,458,1035924159,1,1704073881871
427,stake1uyaytrkkcv4p0272vadaqy0puzlj602gg4t47x8l2rfwhxsvzz45t,458,1032093996,1,1704073881871
428,stake1uy92trmn85zqltal67wf8anrps2c7g47mhevctnhlm6568c3tzcmq,458,1031894629,1,1704073881871
429,stake1uxmm3e45rrq9sk44e7l8l5xglwczu240gpsdslajn6m7d7qmwp0ye,458,1031515110,1,1704073881871
430,stake1uy9y3mr7cnh3zga0mqra5uzmjykuut4a0jdjgkf4mvruj5scty6p0,458,1030328500,1,1704073881871
431,stake1uywvcedr46s4qv2vjmwf8x9usphtvgk90a4cgtj0k4xlglsrnhyx5,458,1029815252,1,1704073881871
432,stake1ux0knhlv69nlh82vgfvlqxgy3hhesg4g9t99uuz30j60tucrw7yfg,458,1029059377,1,1704073881871
433,stake1uxam65x3c62f9n4gekdme92kts85wrcr6fjhxpcm5fqw5qca946lq,458,1028510768,1,1704073881871
434,stake1u8m8xl00ckzaqamsu0rkg87zp8dhkhmdquhnxrc02a3u8gqpdse39,458,1028085046,1,1704073881871
435,stake1uxk7ynn0qqnmuzcsff7czwhnjukxq0s3g68s48qhx4mf4lsxvy9l5,458,1026238808,1,1704073881871
436,stake1u8mr2gd5rwk3mj607f7eelw4egfgxjjn5f9sgthzrdm4qng44h9yp,458,1025908355,1,1704073881871
437,stake1uxzgrldsja0f4vwjxgnewlftt6dchzeg2mjd0am8ckgk8lgyxawrl,458,1025850123,1,1704073881871
438,stake1uxpyefp04y6lqs3edun3qrfsz6agszfxngk474rkjqux0ec24urwc,458,1025803018,1,1704073881871
439,stake1u9mp7x8meyx7nffl93sjuhvwvs4lnhqmkjg8cpfl5lrq9cq24ljz9,458,1025520201,1,1704073881871
440,stake1uy63ud47f8pyfs4q5rxvtvnrv8l8sl29ymz4740sll6gt9sq22umn,458,1025014871,1,1704073881871
441,stake1uy37jrsga42f9xdstngzmxt0t0r4r2kkw7xlstrdw39m2lqeswmpn,458,1024190581,1,1704073881871
442,stake1u8dndrjz4hsum7cuzks83zsrw88upddlqvxpecscaz3d7tcv3rg4g,458,1023510917,1,1704073881871
443,stake1u8n3f8wchdzh94fek4sz4pt69mp6rwhp78k93savtpe5rkq2g8fd3,458,1022571066,1,1704073881871
444,stake1u87u36zgdp9f9xll77d9atkjqsgvjggr5wt8r2g03mu9f7g6at3ce,458,1022180800,1,1704073881871
445,stake1uy3dhxu96j8q8yektt2t9lx8cud2rguvk8udfckvs6l3c4qu9czr4,458,1018670147,1,1704073881871
446,stake1u9lz3sjdqqtns77w2rz63je8gzdzw4tnlj0elztstdglg0q29njjg,458,1017617821,1,1704073881871
447,stake1u99fvuzahe678dceejayputlnpx2tm92wjhj8k3lrwfryqqce4588,458,1017513222,1,1704073881871
448,stake1uynzm5df86wsc4lh2t3dd6vlj6gv9zlg7zhq62lhtypkhtq9w637g,458,1017290871,1,1704073881871
449,stake1uyaqjygmtsxgjed2k8j83wlzcz0aepnm4nqsfztpvheapxs72dmen,458,1014973474,1,1704073881872
450,stake1u8pd7q0aw7yw0jwnq8x8akplsh7kc3u0g0exftaw0eaur2s0eg63e,458,1014501585,1,1704073881872
451,stake1u8jkkcj0sjqsgx9zqufy8vmmp6gmd44wgjestf6pvxu8dsg50ndl6,458,1014087430,1,1704073881872
452,stake1uxs55kte6jfu7mgwwdks9jxjkuxnda4q6g6rwm7f4gfwassfut8z6,458,1014059111,1,1704073881872
453,stake1uyz0dtl6cz45txrq4vsgaazres35hwlpmeaq0edt9jx85kq6r98qn,458,1013886513,1,1704073881872
454,stake1u90nr7vaysrrymkt7xwt7nhct7d300jcgj0lrmpj0r4v0wsdf7k3n,458,1013839952,1,1704073881872
455,stake1u9qgduu8ruey49m0xsxu9us57202r8cj2dmaj52rt633apgyvycjg,458,1011226218,1,1704073881872
456,stake1uy4wlhvcrqx23ymurmva8xmsh8lfzzqq7qdv6us5hpxq0ksec6zwq,458,1009359446,1,1704073881872
457,stake1u96ezwsr0pe948a4n7wjpw4tsyn22ps2y2mw75kllrgjfkg8szlgs,458,1008604387,1,1704073881872
458,stake1uxpq3wr9d0emr6cdm4f89kj8e6xvl250et7awz64p2vcu0sv0uzjh,458,1008362337,1,1704073881872
459,stake1u8hscxa5xefs35wsaxyjp0srs60eeh22hsqwyngxzare3dcrfcfk9,458,1006976602,1,1704073881872
460,stake1uy9n54a03edylgkzyzeu09g00w059ev6djzy6qgfx0gwtyqc6rhd5,458,1006732755,1,1704073881872
461,stake1u9w6tv4a0fetskv6k4scn52alwkw7mtpamkf2wgn2wwdjzgmzxuz6,458,1006037142,1,1704073881872
462,stake1uxmy3r54w565rtr6xy2d2ythzn4xc5gdg4xpt4578clecugmj7een,458,1005947695,1,1704073881872
463,stake1u9lygp44a4wq7lme0lcnwp4sg5uz7g3kfghvv2xqf647hgsfdt93l,458,1005904148,1,1704073881872
464,stake1u8lvntmuhk3m6ul8xfa9e73md0d4ts82n9frcxxqhkzpsac63q8cx,458,1005465465,1,1704073881872
465,stake1u8g67n7fuq4k0m6dt4hz4hljqtsm3zs88e93zpasjunsahgh4uxr4,458,1004370193,1,1704073881872
466,stake1u8qgs28lrfafxk605jyhr686lux9h9xwfx4z5u5apu2umhq3f6vgg,458,1003959479,1,1704073881872
467,stake1u9l7p6tzklr20yqsweumk3073g998g5s5uf78d4ax44dzuqz5g89l,458,1002925443,1,1704073881872
468,stake1u8qk9cz9zlrdvnz78r928masnez55ugfvg98hss4tfche4c0z0ukh,458,1002870262,1,1704073881872
469,stake1uyfmhmkmw6ymj70ky0kgq72nyv7eta0dsufwapn80xan9ys3s0psj,458,1002329651,1,1704073881872
470,stake1u8ydslmmrqp24jkh088qufumdk4aer7743jvv7yhu4asgqsaa3jjw,458,1001808223,1,1704073881872
471,stake1uy9rj85rqyd4hn7uws67ndg0hlm2300tneadsur00vn88kc8ms4ru,458,1001665035,1,1704073881872
472,stake1u85x02hwrs0zlew58qa5cje649gkgwz3cw03dchvpqrfr3csm9j4y,458,1001406589,1,1704073881872
473,stake1uxuh3yvsqmhzmcaf7nx6ty9jwgku24ye7v8yx3zx9u5lers2xw8m0,458,1000418808,1,1704073881872
474,stake1ux4gtvdyp5cxke276r2fcj9m2gy4766unc9smwnk6eq2fvs26lfva,458,947825619,1,1704073881872
475,stake1ux2zc7n374g9979ltecr9xk9zz9tq8yp9erg0ah0dnjhsdgdv35fh,458,944215106,1,1704073881872
476,stake1u9w52c0mweff8tn6q9635f0xh6a7d73zqyktq3gy08uhd6qt86mlt,458,897022218,1,1704073881872
477,stake1u8kmddvpvzungw74s65jxsxr6nf7f7wtqgln988ewwlrnss2e82ze,458,1013249738,1,1704073881872
478,stake1uynty4dstwman2pp8kxnpa8kg7f0xz7sxsj8352rgh6a9ygjztwd0,458,1012379722,1,1704073881872
479,stake1uy5pgxeww85950wcplfwejl2e9cwsvr3cqlspw9tg28wkpcpq7p4q,458,1012063543,1,1704073881872
480,stake1uxwy7xjukrax7dr0r2334ucudclg2wz93kunu4dn0409khgczws02,458,845696766,1,1704073881873
481,stake1uyvfnk3fsmkcx9j6ay0sercn73vujwavm22s99fvfsk6wvguwj75r,458,777664526,1,1704073881873
482,stake1uxe9yfdzn0qut4hlds5d795535x0d2k7ga28etlptsehplcjqr78x,458,774572642,1,1704073881874
483,stake1uxvnw430n3fatdq9yhqxy7hlkc2s42nex08qy2pdk90f47szclpht,458,727480851,1,1704073881874
484,stake1uxv8rsqg2tg5az0t0s6vu8dy6c7a0ujc9ruc6mc3zsdlu0sw98umg,458,716650544,1,1704073881874
485,stake1uygkkt5p0kdq5npy9n36aff87rqzq39lt0w75p5cujgzs8gldq06x,458,678997173,1,1704073881874
486,stake1uy0zrkev9rmsswhgdnlhxzvlej67p99afvpexctd432qm5qnyaudp,458,675034802,1,1704073881874
487,stake1uywlm68r75ppq47hk82r40xsu3chmt7ncwk58twtcj49uwgh22eqz,458,643897276,1,1704073881874
488,stake1u8lekuzx8ff3fp8splsgdnqd8zvhpxz4w07xdhkesp5eueg2a936f,458,579800289,1,1704073881874
489,stake1u8ej0lh6sd7kgq3nrk7v88arylmfj9hxkgjfaurp9s5g0jga0jp26,458,662790335,1,1704073881874
490,stake1u8cgdpes4p9zq4nktjwvn3hdp0qrhs840dz38nz7xjf5f9qeks775,458,551489862,1,1704073881874
491,stake1u97xdgkypxh9c3mjkcg0uzp2cfgum3pfkq3psssk6hzdgastf7fhc,458,623614577,1,1704073881874
492,stake1uxm0cja32f7sx92sxqe06ysczwxfupyp5zw6ytmeys6ezvssqjwh9,458,530987958,1,1704073881874
493,stake1u87a284gw6chnq20uqve09v57s3pgxp6hd8tlc6403pmfagft7yk7,458,520174165,1,1704073881874
494,stake1u86jg0gd3v0m3my0u5g8pt3ya5p342knpxwjm9k25pt5fegm6prz8,458,553379910,1,1704073881874
495,stake1ux0krfgu0maf4xdt3jk4sgz5mht7xwr53kmjnnq3q7deaxgugpmun,458,502995039,1,1704073881874
496,stake1uyn3d5v8fpglq9gyw2hcz5epj2gj56vwlmulqsuea6yzzfcnnfsuk,458,500642418,1,1704073881874
497,stake1uyu3xpkwd2r9za7srrlex3fg34uwmka08sj7h4qtla2cvvgdy9gxd,458,485946951,1,1704073881874
498,stake1u8wv52ty0jzyhy9x4v4e5dssclxcemwtpv7smm35c099xtcvqg0q3,458,483979612,1,1704073881874
499,stake1u8fk9l7fv6544gsz4pvzra2l72pzkdrxdgkpavmdkk5843czt5he0,458,476221123,1,1704073881874
500,stake1u9rsslmgdyfx9n325puw04cdej3c35qv4sj77jfxmkj657qtugmyu,458,472776625,1,1704073881874
501,stake1ux5pf43zzy29dfqcjrxejzezmc520jah4st5jmphad9xlrggpkpxk,458,431530524,1,1704073881874
502,stake1u8zxxaqjupl9pzuw9pnmz20crz0ztnl94l2dcre5825uk7qaf5hdc,458,426683040,1,1704073881874
503,stake1uypvgw7tvq0ww9xc64cqd0r852ymeud8w86u2ejas68m3vsum2heg,458,421824239,1,1704073881874
504,stake1u8qd9sxknzd9l9yr4qqv62nvkpgyh7jlgl7vyg2pq607xfgehvrs9,458,543680287,1,1704073881874
505,stake1u9nn8uy8udx6fkmf0ydl5k5dmklphv9pexf20zvm2hlh8ecvmfu66,458,414836979,1,1704073881874
506,stake1uy3dyle8zw5rss4xd2gg6zn4vsyju47amlfalh9mz0cqceg39tmhd,458,391549054,1,1704073881874
507,stake1uygz3ruyr3ccndvq6ux4j9e7wny9seejapy3ffnefef0tygz5mawn,458,382814645,1,1704073881875
508,stake1uydv5sxtl4chqsqemaql9r809t6yykyl2gnk6cyzld5q5kguzlwtx,458,376389320,1,1704073881875
509,stake1uxvcusud370my6dnylt79xme3x8npukl77y55xa5ce6zlfsugarjh,458,345386444,1,1704073881875
510,stake1uxvv9s5n5mu89anwp3t5a5luc7v49c4krhadwaqm9jfpdwgwvdn2l,458,316942570,1,1704073881875
511,stake1u96dame9are8clajfjmd3l8nfjrh9sglcj8xh3mu94cd5sgm22x9f,458,290639982,1,1704073881875
512,stake1uyhnpdv2h2rk5l948u84fxqu37jm0yangwl5hae3287wgcchxd94v,458,277081054,1,1704073881875
513,stake1u86sj9yqp8vp3x4633vv96c0ladxz9zj2gvfeafzf72nvxqu3q229,458,268789667,1,1704073881875
514,stake1u8lpm0aaufxtn0h2fujp77z5rkh4aes8klygk5wx0yj4t4cf8r4kc,458,264691947,1,1704073881875
515,stake1uykxl6767fjpy0htcd9702dv49faa7tjalfxycdxkm7jrkql8d897,458,259958695,1,1704073881875
516,stake1u8ws8psn4wfew9p9g545gphfvswktj24zzx8ftl8qklw0cgugns44,458,243384229,1,1704073881875
517,stake1uxet06s2kry853fj6dklgaumlzsadedwx8xptfgvclhavjsjcge7u,458,235200435,1,1704073881875
518,stake1u8hkvgwhzn9cr92qudunrgutkdlszxmu20nuv2y0gsf8y4glkumv0,458,233075585,1,1704073881875
519,stake1u9ggnkdg3uzck2d84vdma4e8hrdhk3yfj7egfrxlstedktq20dcn9,458,232970152,1,1704073881875
520,stake1u82ur2jsrcu7t6yf997n5gwt33t3gnlqmzszxsz200vga3gugusfa,458,232025219,1,1704073881875
521,stake1u86vn0ckcyqruqk5resejggdlhaz5rtpjrmmdcgu9ahv3jsk6vgrw,458,196776868,1,1704073881875
522,stake1u83737v43970m083l0kx6j4haevvaawl6cl9wg787xk55tqf53npd,458,195290697,1,1704073881875
523,stake1ux78yjsy25mkyl4naymfj6jkakhul2tml2jhlnghu956dcqugcf74,458,188904637,1,1704073881875
524,stake1ux795kxf8n93fyqcry3kuv7w9zswkaqck7vcy9h0u77u5hc9zty7l,458,181383328,1,1704073881876
525,stake1ux8g22k0x0gryaggmk8xnz78nazxgjlkz3xcdk6xrwvn24sh6qz5t,458,166929319,1,1704073881876
526,stake1u8tvmdccf0ezfdhnas08xhev80j69d8fcsnyd5q2q6gpnkga0zv9l,458,157921549,1,1704073881876
527,stake1uyt9trg6d3w05d9mz0smtjpfnl8av5ma73mktqxr67f8xec5ex7gk,458,155096067,1,1704073881876
528,stake1uyg27g25wecac7x3jypq8psxx6sddtyhf2wqp5a7g0u3jxqm4cudg,458,154478237,1,1704073881876
529,stake1u8za83eqnuuyrmvf26ffttjlj0sa6ee92g72dl749lypsrcdfrjnt,458,132954435,1,1704073881876
530,stake1uxhhkkm56vc9yrcmak0cdysgkdc9z35zuzl7ya7vkahtv6qdhlaf7,458,121644697,1,1704073881876
531,stake1uydk3tsd2yksutn4kr0wz7f54f5uy8gauu5knkfe7h46xqgznlauw,458,116396099,1,1704073881876
532,stake1uyr30sqmc5kpqw4ed27zmx23qfshg962ue7gnrdpe9nrnfqqeh7dp,458,115452858,1,1704073881876
533,stake1u8txkn4pemexlvgdf2nuz0k4hakjkpg8vcawmg0tqfpga4syj4r8r,458,114602888,1,1704073881876
534,stake1uxaaxhgkjh7qkveyu0n2wptsz4d0dfry6acdkmq6mxpqyjqmlu2nx,458,110617879,1,1704073881876
535,stake1uyhedan2g22z6y3r4l2df5dwuthqhjyq9fwjj8cpk9svgqgjtmjct,458,110066825,1,1704073881876
536,stake1u8p7gxhjkfrhfct6l85xdxg9dulfgcvu0llww5pz3ssvq3qj2dthw,458,108660934,1,1704073881876
537,stake1u8hkts9cml6nen6a9ms8gmny0scymv7kjre8mchzspqwa4gkcv8ph,458,108139079,1,1704073881876
538,stake1u8zl4e0cxayz873egcfj63u376fy0u5u7036xgx7dsxxw8q6pqmjt,458,103856198,1,1704073881876
539,stake1u92rzkrx96su3p5kr4fhvakdw70x234kp28dg238lg35p0qttmzt8,458,101701050,1,1704073881876
540,stake1u86g35kd9duf7egr350z0v5d4n7k27kwg2chy8xunfm3gdgwfd9md,458,100644259,1,1704073881876
541,stake1uyprczxverl9y3nlawrsrqwwhe465us827edtjcx3w7hpgspmhde6,458,97826089,1,1704073881876
542,stake1u8lv96c0f0veywjj0c7fdpg84pda0dy8thlgu2wledr9cmgkz2rw7,458,96625240,1,1704073881878
543,stake1u9x3tz8g222dtntrlj8zz0pr6r3q6xj5xwsqgphcxwncp5q5qheze,458,68229711,1,1704073881878
544,stake1uxlxrzj5w6qs37lgp2hjclckrcue4wl67ky8465wa55myms4pt033,458,62661437,1,1704073881879
545,stake1uyjn7252r6qyk52mqm95a7ce39ht5ddr3ldl5jqfxsdepvcngfn5z,458,62570768,1,1704073881879
546,stake1uxd59j8ql8ynntfjlkz7xee39sdhfpe5jvdrxgedmpat06sah3r7f,458,60576449,1,1704073881879
547,stake1u94tq9xznlal6grvljcrfd8xg0nxzcrwgku7upntutcjlwqmhvq8u,458,45853899,1,1704073881879
548,stake1u9lx4gwajvt56hjdas3wuesh3pcltjrjd4q35n0p7w9mm3cs7w3g9,458,42525248,1,1704073881879
549,stake1u9gkmvymlzzzrqpx6ndz8jprwn6v7xfnqfan75up7prevgsymngvl,458,31872122,1,1704073881879
550,stake1u8xq2nmxf0rc60j5s26s3gczezd5dg3s53n5wzm3d5qfyecfkfj3k,458,30710973,1,1704073881879
551,stake1uypy25wxh0zxygunlyw606vkew6u7f8pa0smjq0rxjztl6ggt4wuj,458,29547832,1,1704073881879
552,stake1uyeuzsrr7vn8xjtm94why8wptx7daw4rcae8n6h6effh6pct3a836,458,28702264,1,1704073881879
553,stake1u9umnewwg5rkr47mu0ff2t0hafvnwyhzk46y7zgm5zan5kq5spnut,458,27923614,1,1704073881879
554,stake1ux40fvl9tdxn6qjhgyvhk6wcps7yuzj43vhmpqydrr0me7gmrnapq,458,27590272,1,1704073881879
555,stake1uyctdw9nfvkqrahflefsc4mvrwvufxssqmf857mpuxcw8qsppte4y,458,23086525,1,1704073881879
556,stake1uxfz2p5k3r73wwh6z5ws0tgatypsryzjh5pd9sldxzepaag82rxtc,458,20775281,1,1704073881879
557,stake1ux7896gu2hqha55qks5j7faeku9kwfl225l0xp3aqtx9tasjkgyre,458,18942740,1,1704073881879
558,stake1uy4dq9e0937ehqc49hqdd2cjuc3ws4gxtdzzhygqscuyyqssucay3,458,16387109,1,1704073881879
559,stake1u8s74lukm24vaymz2zf0x8q0t8ey4c78xh6jucy58qu5s3qyu3kks,458,14394191,1,1704073881879
560,stake1uy03muqd97z04ckdelmu4s7txhptguqxs9wlvzluaf789rqsvd6ak,458,13996741,1,1704073881879
561,stake1uxaz4h528r5k2qftp6jfxhdgynckn9v36m6pzta9eju7wxsrgkm6d,458,48628882,1,1704073881879
562,stake1uy7wp88jedr4emqrxugsr6xsgl7clzm06d8kg6hlpfqfausvfuc9w,458,12501029,1,1704073881879
563,stake1u8ehujuwwt9vemvu4gkwu868rw2pt6xs3l5j8u7wac5wkhs32gljx,458,12267996,1,1704073881879
564,stake1uyhay6v5tk9m88cfyckgwll2w0x6jwulq3kzhxqxydqu0pgqr7fzq,458,11438479,1,1704073881879
565,stake1u8u6e5fcvafwec7km2phxyzjd58g62rjuvy87u907av7apc5hxjhr,458,9165490,1,1704073881879
566,stake1uysahlcka2d57akmd99fxlwdxcwv2t066e3aag8nrylwzssz2f3e2,458,8200026,1,1704073881879
567,stake1uxequuwkzls3xkj7yej80rydpgy2zuv6utqkvzylz2xgkccka2vx2,458,7592925,1,1704073881879
568,stake1u8jmk57shdkhwu63kkgtr6smqhgeykk2e5rkewktxrsvltcjr36fn,458,5998015,1,1704073881879
569,stake1u9w85qhnae04zec384sv0t6gfvjde58rt44kaaavttake9sawnxh3,458,5751230,1,1704073881879
570,stake1uxvqrd3hz052wmuzvcvrszxcy8nma3ngkj9asz4pdve4g6gwl2svh,458,4284690,1,1704073881879
571,stake1u8whr34elw2xk6nla9m56zhwlmq7vzulmdaq3rty5xk9adgfesrd4,458,3101181,1,1704073881879
572,stake1u9d48j8mgq5g3ml9g0zhfv5jedt7j5awqr25554yt4797wgnpn8cg,458,2825622,1,1704073881879
573,stake1uygetdu8j44vm3mt7sl5cyry3f5v0hxveehvq5nttjz8sxs09as9e,458,2640123,1,1704073881879
574,stake1uy2zt5etksglfrl5af9lsk2urwue4g37lk7qw0000n0g7vschfn6r,458,2485337,1,1704073881879
575,stake1uyre3pzrsc544d07wvlevj054qyt85wmlylju2x5ne0fjfgld84dn,458,1500178,1,1704073881879
576,stake1uy3jhnuqelcf84xfkgz5zjzaeykxr6fuylws3g4q6nvrycg9dlha0,458,230840,1,1704073881879
577,stake1uxzewlauvxyneupdewampszkf43w5yct2gsc89cnrq8tvrc8cqfr2,458,6071,1,1704073881879
578,stake1uy4xkt5rqe0sfd8yv3rwfu4rmy44vevzq67gthplglf7vfghefmcm,458,5354,1,1704073881879
579,stake1u9nxztphaf23hvxzhf35pqgflj8za3m5edtkpfnfkmmp67g4d6t7m,458,801,1,1704073881879
580,stake1u983tqh2fv02ktjqxehpjac9856h3gwd589w757z475x0tquugrr5,458,1028040095508,1,1704073881761
581,stake1uywdpdxp50ey9rvdh4nx0j3gdetcufrd645ky0lh6lu0awgentgw5,458,1042646334,1,1704073881871
582,stake1uxdj9g2eugxvh3prkw29mqjptqpd5l36e0cleezee3fa3qsmezskp,458,87962622,1,1704073881878
583,stake1u8qpem9p8988lushnxcqvjx075wqedx0c65fejrsnumtetqq6ne8a,458,13316775,1,1704073881879
