1,stake1uxd2wmke9kdh22ug8r9cqsnju92qlj47g293q6uzll3epvcwwtx4g,457,2091836921680,1,1703687324758
2,stake1ux4ytr7z7vrf0t76kt5vvhrjyj072edpjar0zkwrn8wgarczx6vvq,457,707962030111,1,1703687324760
3,stake1uxvcuzrg0u4jsfdsqzs2d4z28n3xk6ttjm5h62lrccsfkggnms5td,457,697220751567,1,1703687324761
4,stake1u8ljz9n0y8p28z52sgh5exw75saje6yd2xhzhkhrfvg46pgntlw2t,457,601439590978,1,1703687324761
5,stake1uyny9094txnpfjqvh72rpfurt8p4lmy6pcstfa9ep2z549c7jpc4j,457,502785984746,1,1703687324761
6,stake1u9dqgf6dv9wnkzfzk0gyqhcmjldltzker2jrvl5h37q2rws2ur9kz,457,404277639358,1,1703687324761
7,stake1ux4y0unxzg54eg3c0h3m03xpyarxd5rqqq339ja89s4mltsyy0ce6,457,354646249532,1,1703687324762
8,stake1u9vdk6p3j9xmla7c3e9etv4kk6rje70csevtkc4dvkfmz8cmw8pmg,457,350265907553,1,1703687324762
9,stake1uye2rghgqtn3zcxjkg4ngfu7vs0fzynmdpegemxgfxgp2gqu7vf6g,457,344042619465,1,1703687324762
10,stake1uxw7as64jxvxyz25xw5e5p5z7fss5rmnlk70hpq6sd869vq4z2e4c,457,328471965654,1,1703687324762
11,stake1u9sh00qg3k6nmwhnle3v9tjmagnrgest49g6uunnhct29nqk5dhxw,457,301764438673,1,1703687324762
12,stake1ux6ms2k0r9a38c7raupnxxjwefe0mqjg57rd0t4kc5ky7nc2cffcg,457,276175744042,1,1703687324762
13,stake1u8my0272h5jq8d52kvt9muqrkh0tf3e3rjz2m756jahwgugrhqa70,457,270007384142,1,1703687324762
14,stake1uxgswrf4tpmp8u07vvfwr8v83fk85xzspsqtqn6d25g2kpsuu9pz2,457,245811629848,1,1703687324762
15,stake1ux5xegmme76tmyg984amztwp5un9twzwulteqt8nqsypq7ce9a2et,457,233892562540,1,1703687324763
16,stake1uyhdu8ae3km6z6n7fuz38t0g65vlc5sqntykt02cqkugrjg3ypu4w,457,219247940298,1,1703687324763
17,stake1ux25ddxzlm9p657cau2qmdhxvaumfuvu23nrdwfrjqlpp2s9593pg,457,204747399424,1,1703687324763
18,stake1uxyg6prxwmjp0z0apmukmty2z7xfmv8qdu25jfnru8k9s8g5cetet,457,201156632864,1,1703687324763
19,stake1u9f78dqxrz88yumd3500stvxn6ku0xapnnc6w2e9k2dtxks8qsgqz,457,191025757326,1,1703687324764
20,stake1uxtu3suhmwe7vxd5scmm5x6h9g08mkeum0ndyuswefs00vcuwxux3,457,180833265341,1,1703687324764
21,stake1ux5wj29jg2fs8v2aqs3fapzxmp06qrymjhn4vvqsmjc4msg2h7pwq,457,155257604342,1,1703687324764
22,stake1u8tgf7mwgfkm9m3sm39v544w86gfcmh40wdw88hs2dh39fs4c46pw,457,151080174892,1,1703687324764
23,stake1uyuax60wh67uyvshnlh3x93ee9um29du44v0wwhzxp5q2eqpsnknf,457,143847908631,1,1703687324764
24,stake1uxve5y6890a2a69uez396mdzlm0lvf5es9r3xvtnutcstxchjhcdc,457,143584383825,1,1703687324764
25,stake1ux3a6rwvw7wxfd5snksvzfdd42s75umwn7ar5pmdrzhc3rgcvgjkj,457,141218284291,1,1703687324764
26,stake1uyd3j2s90kl5fhug6t8fe7ra0e0cqgz9rh7a2ext5x5nlfs78w5cz,457,137282188413,1,1703687324764
27,stake1uxqfzmlhsxr3r9snwm77lh6f2g4g9vd4fj8zjqc8kglheqsu4eqda,457,131634528045,1,1703687324764
28,stake1uyy54e603ytnkmfazhwrl4dkwjkggsrjfj0xrn3m8vja4hg2ecgp5,457,129088657817,1,1703687324764
29,stake1uyt823ahv5gpfvmwuk96pxmd8jlt0nmdm0qfshcfuncwe0q73m626,457,121293042274,1,1703687324764
30,stake1uypv3g2hpj5xtmtt8fwxj39pqruqv50vk0kga4ehln2rx8qqyx93u,457,110747124060,1,1703687324764
31,stake1u9adq58dun303dyw0ytdahfeqr4h422uvem3a6fcre66xugxuvnvh,457,108715725808,1,1703687324765
32,stake1u87uhlwcct6t4szfzgelzjavut04zu2zpwtpj764efdlzhq8nqty3,457,107289440614,1,1703687324765
33,stake1u99l2jxntwkp7n0867fe6ltn8ldcwrct9shkejjwv4mgq9cvm0fwk,457,106727411102,1,1703687324765
34,stake1uyda3uqcfhfyjq4rcpw6e9pgfuxqnn78x3hwq696mxjjdgsvrssmp,457,101865271677,1,1703687324765
35,stake1ux4kf6tptn85zg405wytcayepyfev956ycnfgat85k34dpcqqupqq,457,101238626401,1,1703687324765
36,stake1uyhxmllsnu5g4edc6q9evwuczun9ul44twygmxejd2m547qmz3njs,457,100821866050,1,1703687324765
37,stake1u9mxddlnva3jhc0ph4rft426vr477mmr8kneq8uscj2j9ecpjqnrn,457,100645472847,1,1703687324765
38,stake1uxa7fpr9p7guw5f6kw28x8zp95z7d25zr7l02dh5gh6z9hq8x4d9l,457,100579455910,1,1703687324765
39,stake1u9syech27ejdgdr3chmznt5pv89rj2d4glgefzuqtvpgd5q9vqd0f,457,100528277416,1,1703687324765
40,stake1u85em3p63fcy8txqwz75862du8zrhns6rtuujzsknvucg6qhjgdzc,457,100071991550,1,1703687324765
41,stake1uxcj5kmked0znag49mcxfvz468q6efktf4536meqlrrx24grymw8a,457,99252663141,1,1703687324765
42,stake1u8hup4l738xvqtla09sn9v45rk8g09g6p9d7vcd4u8waqdqtn626l,457,92314857500,1,1703687324765
43,stake1u93r83hre9vjarlqkh3syhwx3qsxtc4dp5zct9yk3x4p8zg9swuzh,457,92117945372,1,1703687324766
44,stake1uxn94gv2en8g4c7ckupsa6f6xg7dpercs9096nxhkj4vv2chtp5zy,457,90843293165,1,1703687324766
45,stake1uyqk448d2k77kczrhfvvg9n4flmx5ymy8adv4ezst4jxdcgyajctg,457,90032254641,1,1703687324766
46,stake1uxsrhrawwdzxkddm9xzdykdva6kq649mv2k8695nvg896rqt4gdml,457,86984045079,1,1703687324766
47,stake1uxfvgxz7m85tfld53f8es8edvtcszy9jylla79dzkpzgelgz5zw6r,457,86729535714,1,1703687324766
48,stake1ux782eprh0yjs8j4ve4xgt5mwkpev5mrsp80ls4lwjak3dcuv00pf,457,85679504866,1,1703687324766
49,stake1u997dtp7zm876vp77awsd8fe96avecfz5hmeg9zwlf4xwnsygczs7,457,80611658876,1,1703687324766
50,stake1ux3z6kuf0dnczwft7j4dfm4sdzz90ekeq52v94jvap5y60cjx5gfe,457,80050416408,1,1703687324766
51,stake1u806dazk326v54x54cxpk8z4cyakkx5c659v9wrptljqdeg8v9rkz,457,79676885736,1,1703687324766
52,stake1ux2mp4k0e8k9x0wr38sxme4y8c994075f2utd8d5lxvmwqqg230t7,457,79260759101,1,1703687324766
53,stake1uxpznel5sa88ea4c2ry5lqd36pudnu5233059wyzp8rw7ggm5lwyc,457,77064557668,1,1703687324766
54,stake1u9h089dt7dt7lxgu3d9s74kdkdh2qm79384qdcs9g4rk87gn6h7qj,457,76861086352,1,1703687324766
55,stake1u8hyrz8recuvfz2pupylnkkf0rra6w5rxwe8aqtd58wv7pgp4fzvh,457,76396919031,1,1703687324766
56,stake1u8v4muvx280f7p3ykjth4ftfqy70fa3xkdx6r7g2xlvuj6grgkkht,457,76366021157,1,1703687324767
57,stake1u87mq826qwkhkv8cyw0njpql3ty8yphk7ymqmzcxwp64vrcsrguux,457,76328581037,1,1703687324767
58,stake1uyjmrnxn2kyqlf8ymychwt764rj7sexnnkr2527hdt0g5xsjhnvg4,457,76089302384,1,1703687324767
59,stake1u9ywr4l25hl3kx4tyusrmrpd6xv9emfkxxwqgldc4l4c6ygxrngrq,457,75994559711,1,1703687324767
60,stake1uxymcyvpw4z0yckgy02sntf3e2dt54c95jmpvwa7gd3g8vge8x5qw,457,75737504714,1,1703687324767
61,stake1u9gn9k7zg6h7s2f78mfrzxygzyuqctnjmmlh75erszy08qcrflh6a,457,75580175496,1,1703687324767
62,stake1uyc4qje2j2rpwv9r5a40dyu74sn4e8xky6dgz67yl38dxcg9cj02q,457,75449862203,1,1703687324767
63,stake1u9n8u9g32s7d2mvpjjm08d8fk8qwpma4sck5kaprjc637ysk83pyc,457,75366555802,1,1703687324767
64,stake1u83urg5meyq9yguqffpmfahk78d8ucgaax4xf2wpkhjq8lsefuq5z,457,75254104747,1,1703687324767
65,stake1u83fydsrj7zd3u9k6ur8s2r9x9plj3pgt3wuac4yc9wr3tqwcl7cz,457,75141586141,1,1703687324767
66,stake1u9l8e9yn64qq8nazspam5ny5ztvm2pagqns2unhqpk49eyqdfv0y6,457,62299621538,1,1703687324767
67,stake1u926f55uy6hkd2z4lmrw53prav0074jkrhy3lj3r6aq7mmgf4v5f9,457,61628773110,1,1703687324767
68,stake1uxvdqvealdaljeeahmgwjp3x5p08qtg37da377a8nyjjdmq3ap9vr,457,60314047391,1,1703687324767
69,stake1uxc9wll5z8e55jj5x5ls29q0m60wymfmxlw86rvxrlx20cc4w7grl,457,54149576001,1,1703687324767
70,stake1uyj7n8ju3vrs0pdgqhwsjhls2qeyujg7vq4t9wvtez2ge0cyy5hq5,457,54112733049,1,1703687324768
71,stake1uy9lc03mzeyyff3c2d0tqflsw5ydqqtgz0z7m2ceggvyf3s6mjp47,457,53096753629,1,1703687324768
72,stake1u8wwwp8l9g3rcs2g8crdcla45lx3ev837r3cu4rzhsp9jwgxg4mj5,457,52644399641,1,1703687324768
73,stake1uya6jen8c5rqk7hz7ddduwq96elm9zwpvwd00qjktud9cmgp0sadp,457,52633149940,1,1703687324768
74,stake1u9w7d9dahjxtmu8q99fmr0gfqgjplhfwq0zxz00cz7v50lggu4d3s,457,52179170895,1,1703687324768
75,stake1uxprjzmhprmh75r8j3s3jw2xscnjh6rd7ptmx0hk2vz0asqfy9k7k,457,51657864247,1,1703687324768
76,stake1u9xmxwsqlat0sxchqyyd3l2ucgsl0sdmul07l5y56tva3lqffhmwd,457,51342357915,1,1703687324768
77,stake1u8qma0uyq2gvgtq98gjf9wlmpu0aysxugzj9y8e32duunuspkg9h7,457,51304399117,1,1703687324768
78,stake1uys57hs938740fmhlt4euf33chuvdl2eds8e49wn9pz2cdqudpyhk,457,51151282950,1,1703687324768
79,stake1ux55vqu9hm3xwdsjs3trvw8amtcv75p8dnzpfjjg8pfy0cq9xqcns,457,50723406495,1,1703687324768
80,stake1u8a9gafg8l8hq9synd3jlecphyw6gklmjha6r50kdyfkdkgc2q3c6,457,50650034603,1,1703687324768
81,stake1u84vyxnjhv6ufljhpfe6lmp2l5qt0at7k4zzhsjgh6qk3lgp8mtkh,457,50555661183,1,1703687324768
82,stake1uxt5sa87k2npry9jwcx2rasttrxp4xheh5np0zvphtws98sd3lnpk,457,50532550912,1,1703687324768
83,stake1u87gwz3gj0yga6s74ys6fc9n9u0a36dfqul8cvnk6yrzgtchpxvwm,457,50342725203,1,1703687324768
84,stake1u8s7d6j39emxgjpduz58gvtyfzlhc64xw2wawgmy0k9us0ccjj5fh,457,50120189518,1,1703687324768
85,stake1uyj6v950jhvnawxq50v2tf86qnppc3uwv3xwyuem3jxf54sc9uph2,457,50072787115,1,1703687324768
86,stake1u8nt2rx2qdwk3ffkuqmwy3zvws0sjguy7cxdm4g583y2tqsve7g0k,457,50067861111,1,1703687324769
87,stake1u9m0cwdu6p5wljgdqmxw482pay8arvwhtq2cqwk8tqa5sxstx7n4k,457,50056812597,1,1703687324769
88,stake1uy6ufh9je55de5wme6dyz20ezs992skwrcjm76smqtq80zg4c8ae5,457,50043851914,1,1703687324769
89,stake1u840ypsfe5x4xqhf44c649cgeyjc6g28qdzaye7gtgr535cx060dj,457,49891033043,1,1703687324769
90,stake1u96e27nspnxpkw7lruufrlw46qdukq605lqn9ygxg40f2xqdw3460,457,46086771089,1,1703687324769
91,stake1uytu8hqvrlyx0f8re3gzndetfez20lgl7shs5cga4cd2tkcqv2lgj,457,44632228936,1,1703687324769
92,stake1u98mm43jqkzq39ayy4m8f64u8gfevyzw6z86wj0sywcumecgl6849,457,44318037526,1,1703687324769
93,stake1u8h59hmt9jw9mtgt2qpz9dqejwc7y2922q7lgr6u3unhzcsu8cm26,457,41759479876,1,1703687324769
94,stake1uy74ctcycru2rjahzkn5tlvq577xzqz5e3rv8z7684ugpvq4gcjjt,457,41575547870,1,1703687324769
95,stake1u87hhjjjdfjcfkr4xjfk8hvcvdwq05kq6le9d58l50flq6qvpqhcx,457,41429303054,1,1703687324769
96,stake1u940t9ezr5vep390hzca42hxdrgl48rerpwh3srvzxskrxslx2fve,457,37857657260,1,1703687324769
97,stake1ux62znz65ge6djmlqgkmr7uvuwn7wdxh0fjsuef3rwgme7qxzq385,457,35543833957,1,1703687324769
98,stake1uxzweswaexmrut8utqctmsh5t4mgg8v6ymu0pqz8h2fxuhq2wdvef,457,34563758140,1,1703687324769
99,stake1u9m6yunpla5shuv2gwtsqyked9pqkf6u2cqw39ara0vs44spdsxg0,457,33998715889,1,1703687324769
100,stake1u8s6wjqcf8ztkjtp3vdzjpq3wsem0nulevv4r2hwrutnyrskn9ay2,457,32650302436,1,1703687324769
101,stake1u9e5x6n5an5u7ms7peq26tkecz9a04g8j5htkfexu4lxragzej6hp,457,32573973620,1,1703687324769
102,stake1u9452g58pw409n3ux0dhqtaeddwn6hetlj6j07crx8kxl7qcg8ve0,457,32018662195,1,1703687324769
103,stake1uyxvlkew5908qc0n323yxzwqfr84r2yu5wjgskkvq6dlevqkpr25l,457,31930253328,1,1703687324770
104,stake1uydnxee823yp2a7y23g24apfwq0wuejyl97zu38hkqjwfsg5797qt,457,31339588494,1,1703687324770
105,stake1uy5t9n4szwadh6rsj6w8ljahgzf84pgavjl8lds29kuk2aslvgy3s,457,30430129375,1,1703687324770
106,stake1uxq7vsgua9u3gw68pwy9amp2n8nnwdqluuvxmz5z4j5eyhq4vdwk5,457,29634021033,1,1703687324770
107,stake1ux77n3a864cqlg9nh3z0m06m9zezvtxfumatf242x5peejgwydrn7,457,29472202618,1,1703687324770
108,stake1uyw7hjpke7rzwpa7ffr4nsy5udz78efu422zhgyctdkmjucy9hn54,457,29005336294,1,1703687324770
109,stake1u9x67czyeykckwhx7q6jevtquer2tegagdrlpxw0fszt5ws43kjz3,457,29000234087,1,1703687324770
110,stake1u8d3ym8zu73wcfpa4rx567993att73lymufs5l70tv56d5qe5zgnc,457,28900098649,1,1703687324770
111,stake1uxc40ufpcxmx8nvc7fzxysm5eeja55mkt06u6td5s99wetsy7k3yh,457,28848236190,1,1703687324770
112,stake1u8pcffsc20jjlfda2cegaxdjdhhe053agr6utcal9fj53hgev8ndn,457,27870822477,1,1703687324770
113,stake1uyxdpy54s3gtcaa46wh95x7k3e94twna32s60u82wnd0gas6a69h2,457,26006087683,1,1703687324770
114,stake1u8e290zucukxpurx2xk69u27vu6s38gwzsxq9wkk6vj2gzqy5t9uk,457,25874038200,1,1703687324770
115,stake1u9cquxrvqpc4e0xts3mexjcgh23q2td0v87p6jyur3p2lrscecpat,457,25531417249,1,1703687324770
116,stake1uyluwde6hsgl5v782mygyqm28ta2cysds5sx2ngr7nc40zq4u4pd3,457,24345252455,1,1703687324770
117,stake1u8ug0nek0z5evrza30qpz5j5xx4gj3ljkavne5zxnzwfq8s8d9c2p,457,24015956760,1,1703687324770
118,stake1u9745rsjlt700j9ndch67mdgcptcrgs0wxdxcyvdquznfzgv6ltcx,457,23386571142,1,1703687324770
119,stake1uxyfe3vs627yzyyslmqj59yh7tqcl09rfsl9w43pxwhyyegvtem29,457,23231648426,1,1703687324770
120,stake1u9z9l3cy0u4rrhdzl0g7t65qzjpcl2thvkwc2mzjasewlzsztzwqc,457,22487874289,1,1703687324770
121,stake1u9x9yqlx5m76vdkdymae3hvsddfnecjle6mzp76acga2a5qdeaj2n,457,22235464784,1,1703687324771
122,stake1uxj8c8ell7xr76qjyarwcew4pghshrr2lw2sjs0teu3jdssrgf2cp,457,21428219194,1,1703687324771
123,stake1u88xnp5x4hw4cyyqhuz5hfncl26w7722zz3ptt6f9pc7rpq8zn0nf,457,21345652676,1,1703687324771
124,stake1uxwvukjx8y8rw7utna0ledda3le0rzm6vg2e5h6gyv7w9qsyd0m8v,457,21117175119,1,1703687324771
125,stake1uxvdxzfptxw26rgneyxsjuqtl2wx8j0r99lr3lfm5ffndeg765egu,457,21015457293,1,1703687324771
126,stake1uyvr33hww6ft7kz5yrhyuhfzt8ukwv3a2gwz9kw3xx07y7sargs72,457,21012771239,1,1703687324771
127,stake1u8st8q7wxse9k5rmfehpe3vykxtr75wujdtqnjezmjt5y6gp2c4jp,457,21002516913,1,1703687324771
128,stake1uyt8wt30tn7z5scj8ua9l8j4hepkyv26j49p5ztxvnu8zjqjskjtc,457,20912905644,1,1703687324771
129,stake1u89pj7nn48w6uzh9397jmet2sdsljhdp7c0f8hhypx5sehccy7c3t,457,20748865193,1,1703687324771
130,stake1uy2849xpcu29uuejf83zc0pvtp7t32ky70qjtkvpz523src7rmzfm,457,20688664200,1,1703687324771
131,stake1u8ardwesu2dw43ym3cdh69skzuszf0nz0c4c5x9kvxxexfqgny27f,457,20615437758,1,1703687324771
132,stake1u8wsnyp50fu95xdsmqlemzqjr8lej596vwd7q77ssvhu6wqs7rw8y,457,20362250579,1,1703687324771
133,stake1u90zsqku0uqw942g09ktw58a2h4xsnds80nt702d97qm6gcgfndn3,457,20010371871,1,1703687324771
134,stake1uyadknwdgqp6r8ks8k2dfjuj7xpmjz674w9zxz7a9tnuklq62vjxq,457,20006806536,1,1703687324771
135,stake1u9fmdg77kqwvn7dyvavfwyawemxsr0u7fr0c8vjy36vr7hg50l6yk,457,19555905198,1,1703687324771
136,stake1u9fld67hh26ay7vw96effh87839fjngw5pd577ju38uzk3qp5q26q,457,19544624851,1,1703687324771
137,stake1uxyxl08staumwthw803w36mx52l3v0y2pd4m80f5lfr833cls3aju,457,18985129248,1,1703687324771
138,stake1uy5lzk8n2efwr5plhn9g7azk60qy6xethpa85lwpt9yfujsflcgm4,457,18198244995,1,1703687324772
139,stake1ux87jn4up9l0ypcfkqaslh7vrth8axmtlxx0e02uxds7uwchanv87,457,17567196385,1,1703687324772
140,stake1u9at79skhzsqsmefnjxvq42yf7fh98qq4khq6gk4re2pamcnswld2,457,17315992788,1,1703687324772
141,stake1u9mermvz8c7vdavxa2cc8jr2mc6upxqlmjkyc75yxzkzh9s8sedm6,457,17265463487,1,1703687324772
142,stake1u9l6qmmgm8msnzumht0g5jp97pdulh55x2k4kwnkezku09g2tx9hq,457,16906422469,1,1703687324772
143,stake1uxljvt86fq560glv7rfcwch39jsaqkyse3amr6ts36l7rtqfl8ev9,457,16350840221,1,1703687324772
144,stake1uyklr70q8n4vxy63y3lx07fuq72g43nl9wpc6l3dmdf45tq7qc9tt,457,16255015429,1,1703687324772
145,stake1u8upswmv4ajs0xvu30qs4q70m8dtpg9zwutclerstwpm8nsuxtjxr,457,16241890958,1,1703687324772
146,stake1u8ljen8g2553k2288zec9l0eur0dzsm7dz4p6q3wupsg99c08yh00,457,16051298106,1,1703687324772
147,stake1ux90a7na2huyrjh984s74hm6mtjdsn0r98dwnsxaca9wujghcm387,457,15801405643,1,1703687324772
148,stake1uxt9nk2nhsc7v29qpyfet0vc5sqm8urch8ks8u4d574ygus56ukvv,457,15688957350,1,1703687324772
149,stake1uy976dd2yt7f47zl6rktlnzzsjhl9xpxajazup03eree9lq8pvfkh,457,15602550093,1,1703687324772
150,stake1uydskuxm2cxyc2sdydjtq3xs66m8dnekkxszhvvrjx82f8g0llu9z,457,15542280429,1,1703687324772
151,stake1u89sfjutue9qesylupanmg7ce75kqkuqmr6turysqd6kqdgs7kjts,457,15493005660,1,1703687324772
152,stake1uxvfxq664n5a5try8ph0dqnduavfun38qpj2k4grn66pcqgc3fvuc,457,15340672315,1,1703687324772
153,stake1u9dc0l8adf3qgly200ua7peluzv09a06p3fags4jqyaajgckwv0nr,457,15224367748,1,1703687324772
154,stake1u9q04v0xmn3mvt5ndesfgup3cg4836sd9gkj77qak8ujcvg9fscvr,457,15203776591,1,1703687324772
155,stake1uycnehj8p4jxr39cpt2xchy5jmarkhx36s5grqztszjxwlq25gkmg,457,15153033986,1,1703687324772
156,stake1ux8q6z7lr55v2lfcl09h60uvrsjnfh3axsjstes9tv8jtuqnqul6z,457,15149269946,1,1703687324773
157,stake1u8sy4x6myusshyyxn9qhpt9ey6xhyndusrl4uycfuknqm3gqtkgw6,457,15149092894,1,1703687324773
158,stake1uxraga7e662vaz3krmj2j2dc8pmxfrp9swvk0pdrdegpxgs5x0lfr,457,15129185875,1,1703687324773
159,stake1u858vcg8t2d3gutgka2nw2psz3pvt659c5rdr3rpr3faktqmwtyk8,457,15125171230,1,1703687324773
160,stake1u9fzzt8e3cuxjfw3qcv5ztu334p3z5q22vvau74ywjl4k9c7glzmw,457,15119753766,1,1703687324773
161,stake1uxxv0rgm3p4vsd9dq30s38hwjsalp2re0feqz2f8m3pq4sgq6h6e3,457,15085073689,1,1703687324773
162,stake1uy9m9kecnax3nrytcqen6ywqtc2xvu9v7pht5tzw6jy4tng0u2nae,457,15039356906,1,1703687324773
163,stake1uxr8duaphssa5r34u5j0vzje7lmgtqjv7vv9nfmkurhlcjcetdqd5,457,15038803131,1,1703687324773
164,stake1u82dcujaadepjyr4te478p5h8zn2krjmk7ewdwj7qg2v87sgjhlk5,457,15010970204,1,1703687324773
165,stake1uycd6234uey60ytj8mrl8jsgf4dx8guxct5hulhy4t69ktgrahvre,457,15004006283,1,1703687324773
166,stake1u8ppqll4yacsqx6x2q3e7wnudqqu36e6gv7zgy8qzrkaefqvd3sjj,457,15000952105,1,1703687324773
167,stake1u9j0t4y9upe8j3k7tgrpy0h7wlnqzchaw3hlur7yfkccc3cp6u95j,457,14537873506,1,1703687324773
168,stake1u8r8cw2qrud85w4fy8j7gmdml6sa99npnv0dh2j0pe5wu2spa0x32,457,14051474547,1,1703687324773
169,stake1uxlgquspa0tv3n3wgd82ay5yl4dm2j46deh4f5h5jatvqkq39pndr,457,13870628776,1,1703687324773
170,stake1u9mygtsrjcckadjnfsdqjlzhsucw8h37g5fz82ppaqp25us0nfqkt,457,13659676150,1,1703687324773
171,stake1u83nj3hacknam8xuck2lqlp0mpcw8j7y34eqfvcuh2qskrcar4x5u,457,13238082804,1,1703687324773
172,stake1u98d22qgr82r0psu8z984ymudv07al4jvc809l3qwn97ywcceflch,457,12545682313,1,1703687324773
173,stake1u8zj4rhr6pr2de5jjdzu3vlur76gqxzfmkqyt9hmc8rmjlsx8e6kg,457,11533366299,1,1703687324774
174,stake1u8qpvfptdrlwcwfdj0rf5a3elk740qrch6eaxee773944qqlvtu88,457,11341328710,1,1703687324774
175,stake1u8hx0cd8sq9q6lc96vht58s08el5zfdnz5prchmv9hqsejq5fxmp6,457,11188927495,1,1703687324774
176,stake1uyareckxyxxlvd2vl9rhtnddyd6sgkfl2ccamhyz7ac5rns5w0vhs,457,11027142659,1,1703687324774
177,stake1u8e8vd42gqz3nf2dmdn6tza8r5fgu40x8hwxppa40jqmhygelerll,457,10678671539,1,1703687324774
178,stake1uxv439u0u53wf03hcyf798u5cwfg30d0shf0lqnr77t4k3ch0ar7t,457,10602057232,1,1703687324774
179,stake1ux9drka4fp0qxll668lua5nw5mzj59g03yauc6z6epy36wsam3jh3,457,10522621905,1,1703687324774
180,stake1uxn5v6wj8rklfu0ycjkzzvpww449c6f5lt4d59925qr73jqvgyr82,457,10495903943,1,1703687324774
181,stake1u9ppkjwt62x9zxjtdkwtqhqhedh2hs7fv70s0yf5q557n9c8h32m4,457,10383218013,1,1703687324774
182,stake1u8k7c4lk9ulwwjehu28l5w5hq3q6uuz4xdrry74crwu2zjqqy8xhy,457,10253899222,1,1703687324774
183,stake1ux05jgyxyuxuldpgmcxzem8vvc3mz4us9znsf4xrqc4swlqwfp0jq,457,10123723098,1,1703687324774
184,stake1u83paj3dc76xykt38vwl0a5ufvy3lh7qzuff0jn4lpwpd8qm65trz,457,10114039039,1,1703687324774
185,stake1u8d034utd4yarfxea304g7wlmzjcxpt0y09khf0jfdx2r7s8t7enc,457,10080542619,1,1703687324774
186,stake1u9a77kec9lnrhqv59ug9naeandsfsxlrxhhe533cwph9nfcnhmzau,457,10058582472,1,1703687324774
187,stake1uyljanhgqgm5pmm7k20fzu4q7r5yzyl3ypu5ez0q7pwg6pqlswk2f,457,10040767770,1,1703687324774
188,stake1ux7rp3fc4zxeuz7nh4v6uwrvz4hldgyz50sxhh3w3p426hq6rhm0y,457,10033109697,1,1703687324774
189,stake1u8rxrxwh8dlx6ha7ryesfn7k2lumkd3um7d6ld9gtq57g5qkvlqmp,457,9995812490,1,1703687324774
190,stake1u97tm66fau2z9jxdhf4hq6ndtg66ue02y4dta2lt8c5nq4qv568zu,457,9954332049,1,1703687324774
191,stake1ux99txq8a2t633sr8l6rm9xzltkts4dkd2a4re4m502jj7c4a2gug,457,9762658633,1,1703687324775
192,stake1uxxwme302z0lp95jx73a7wlup8rca2d5gqtyvnftajys8pcfhztaf,457,9752773368,1,1703687324775
193,stake1u83pfm2eu0svzmpldk5uqwthcc8dg4972czvgc7nks3v3egeds50k,457,9594095647,1,1703687324775
194,stake1uymwjqz2a8xkd2am2364lanf8h3xnf2c3dp6uakq2umwyrqdw8shg,457,9313744885,1,1703687324775
195,stake1uxn3f8w3m53xdls6j39jptggvkllppu406hcx8crh6t0fjqve40ah,457,9044694553,1,1703687324775
196,stake1u8paejkkdszr4xujq9uudsacmh48yfual9775agzrmwmhysc42wv2,457,8928920254,1,1703687324775
197,stake1u8wuunsmgayankg2y9pfvx584dngfw0wpjgj56td57ldwtqf7p5lj,457,8864388324,1,1703687324775
198,stake1uyqzsj3r94ft8dx9vsmezgdu0w93l3k9j2yfetka0qcmx8gg3va2k,457,8819706079,1,1703687324775
199,stake1u90ce3cym5v9ckrupmlwnzts8zfa2zq242fkqc7kpqcwl8sncp00g,457,8819075224,1,1703687324775
200,stake1uy3g9f8tgzm2ujndj4vnndw97ytaltvpkxhg0940duyu4rs7m64s7,457,8670254671,1,1703687324775
201,stake1u9fxad82elj86vc3p5pfc5y07q35gahjfhxe6qf2z4caw0qyczpp4,457,8470239428,1,1703687324775
202,stake1uyu5jeq9gust3e4ns4236uz3ewg2w2qpr4tyetafv85rsrqg2txvt,457,8054266602,1,1703687324775
203,stake1uxkgdr4jly085kn9x2u89f2ddmrw9z935l64dh070urarvg3naphh,457,7985182616,1,1703687324775
204,stake1uy0zvyhk53kvzgjy8s93tty00eckc4s0cgm5rfmasedh98g3tv7jy,457,7780420348,1,1703687324775
205,stake1uxeeqheaef67cj7agqzsjljae06yelf08f86ve6qphu057c4s0v0g,457,7725593233,1,1703687324775
206,stake1u9wkl7htekcwk54fvckdxfej792nt4vyzjdttnkf7zhq2qsy6702f,457,7499653614,1,1703687324775
207,stake1uxzc2mz7ufu33n45h4kf3fwh0j5cxadfetgd38xccw5x9nsp7yvpt,457,7459794756,1,1703687324775
208,stake1uy6kdgnq4ysa0zaqse7yez37a7r5708l53ptyjfcsqnrzyqv7nzeh,457,7393453796,1,1703687324775
209,stake1u944atkz3sn863kwvqezdst06ydafdzpqg24rl7ewh98jqgjkmr8y,457,7247851713,1,1703687324775
210,stake1u9q4lvmtjtfnwafdy0sn9nvsrt4rgj7pa4gcp5lq47cehhq99n4at,457,7064543791,1,1703687324775
211,stake1uyrc7adnncyzqhmhqc3n9nwe8m63gjw84ctwp7hztuj7jjc5dnjxz,457,7039312915,1,1703687324776
212,stake1uxnr4hn7l9h9kerkq6jk2vqks9ahs7kd4kq0ch9d0p63ppcjmyzan,457,7010202310,1,1703687324776
213,stake1uxqrq8d0dv5vqn2z3r9g045vh9p7a7vhynlfpa394fvcppg5sa6py,457,6794582542,1,1703687324776
214,stake1u8wh3g2tg26x6395c0anyqld0s370fck5kfn8ys7x2y7cusnl26sg,457,6287923070,1,1703687324776
215,stake1u8z0ttjg0mpu9qd7yp4y58y4lr49uh4rt9gsyx8d3ye0dfgqun4x7,457,6111158830,1,1703687324776
216,stake1uxne4a5x2vrfz7n5uepq0wp3vyvnp2g8eg4dvs6qalpvqdg5mgh4v,457,6038619188,1,1703687324776
217,stake1uyq0tnut6l7ydly7prg7xyvdwz80cu6qr6t57mqnydfe9ysn6r4ya,457,5897928406,1,1703687324776
218,stake1uxlq80jcegeywqz4730mu0a02ssf8nhslvep24e93u2pwugh2er79,457,5876868300,1,1703687324776
219,stake1uylc4rmyuvaq8vp9n7yjmlgw495d638c3alktskr7u3lkusd0x8ja,457,5871165477,1,1703687324776
220,stake1u8xcafgps2rrzdpwg7w6940znefuefeq2eag8ck9xh8k0fgv88pkc,457,5822276441,1,1703687324776
221,stake1uxl7wty8n7xtk9mdr29zyuhuvvmc9n4g5p55xjvtpmaseqgd25k6q,457,5731960563,1,1703687324776
222,stake1uxe9yfdzn0qut4hlds5d795535x0d2k7ga28etlptsehplcjqr78x,457,5633609000,1,1703687324776
223,stake1uxl9te24w82w8p9lwww6e2c7c4uqyuxnnml8thrgy6mu9wc6en4xm,457,5527889402,1,1703687324776
224,stake1ux8rdky06mfa48yklfhkshn9zdzt55k2ap9n4zg6a6lsa5sp25d57,457,5464269830,1,1703687324776
225,stake1u92v2596n7ukx03gjrl64497rxg8ezzxmksq27xlq3lcqpsld5jqj,457,5381864272,1,1703687324776
226,stake1uxxlggdzyke5d4cnwxd70h27mpzqtzl5mfa5ucsyy0tkaygv04jm0,457,5371924776,1,1703687324776
227,stake1ux8z7yugtzy8cd5j0je8epn9c7kk6gqrueuvl5hs4cvu9gqmxt4vr,457,5294548652,1,1703687324776
228,stake1u9tjv83mg4fzh9uwjlje3reqwxun2553hzqz4d7ff3fufnqv4rqtv,457,5129241284,1,1703687324776
229,stake1u89txxj5ya5yph36nynyca9sqmgfcdck4me3975efpksppqcd5d0l,457,5117328736,1,1703687324776
230,stake1uyu9r275w99xjaqdw5fd63e7dl4xrygeqm60pwpx0gd2amq7pg0n6,457,5035669870,1,1703687324776
231,stake1u8p9ykj6l7xeywafpyuc4fuu2lp57gqez4xhdpgzyuqfzmq5q6hl4,457,5020343577,1,1703687324777
232,stake1u9dzrpvl2xweu0kfuezmay42s5ave32hz4pq4ych282scwswz9d8d,457,5014258391,1,1703687324777
233,stake1uypx45pt9sfypflau9g38vpx64j3ej2wg7jzrym4rng2rrsxzhu3z,457,5012414026,1,1703687324778
234,stake1uyx7dl6m52lr029pnvyx6a42fnpg3cjck2gg7cdas27zydgk2rfve,457,5004897562,1,1703687324778
235,stake1u84vz6qnfuuk6prva473nzf64hmw4u3ln904jnpp3ch89rsqy5tm0,457,5003645426,1,1703687324778
236,stake1uxdqrcmgrkyt96ej4ffd7k8n884s4xlmcrud84n97hy42kqedg3qv,457,5e+09,1,1703687324778
237,stake1ux2q5h43eds7fgw00m9e04ptnuf6hszafqmrr70mldahrdqte04uf,457,4844866560,1,1703687324778
238,stake1u8ttgsyz9pjq02r6w32ha52hgtt69t0pt3qvga3gu7sx7vsz76hj5,457,4790645847,1,1703687324778
239,stake1u9mrf39j3hkgu2pglrn4hfkqedsjaqyl9h4083ysu0q53squu3hft,457,4642156369,1,1703687324778
240,stake1u972gdtuhlnfzkxpl5wrldz6dtddjz5rej57fnfh0mpfcxc3j38g2,457,4627664680,1,1703687324778
241,stake1uyjaclyjp46tlwdrfynyt6w5ze4z6fp5rxljtza6z5s6fuchptp8r,457,4551456884,1,1703687324778
242,stake1u92zacnun7zkj9pk244y3sk5wj0dj9tdlhazwn38gl8vylshykyws,457,4518026672,1,1703687324778
243,stake1u99gun5w3fh7xfy7tkgm0lslta7gl3tsa38wjr7g8qvaf5cdl2xgd,457,4452593107,1,1703687324778
244,stake1uyznhddcxx8nf8es3pyapp734f7lsnqjq2n6cpe7fyxdl6ck7nxs5,457,4428726732,1,1703687324778
245,stake1u8g7qewr2xnnrk89ptl8ux9du3sy05zzkfqwkryapnv4nzc4lcrn2,457,4236419445,1,1703687324778
246,stake1uxnl7jtzakqcfccj87u0nn6njfxlr5g6tq3zjd3vxyf26xqd8qy7t,457,4177410659,1,1703687324778
247,stake1u9skza5nekr524v32v43vsntshuv4tzueztpa9cfevnzjtguc020c,457,4120051454,1,1703687324778
248,stake1u84lq0hynvwgwkmndc9puygmzump3vjfyg2qgflmplsma0qwk7a09,457,4064192488,1,1703687324778
249,stake1uystctcr3uthur3n4lt3wcqu88fxadtljdhs4dnp09kqrtsyest9u,457,4057806420,1,1703687324778
250,stake1u85y9vkxt4m2sytz4w737l94rzzjkaw6dgktuwhxh5vyy6q45kupf,457,4046594339,1,1703687324778
251,stake1uymtgf2gj50nfa25anw0qvxez8tqazcc2kcamr27jm58wtcwqw30v,457,4010809149,1,1703687324778
252,stake1u8htlvalarn8mrqagm9utxwxm6kemcscnyena62l63gqsqqra69jj,457,4005449512,1,1703687324778
253,stake1uyndnp9qpx5d9fvamx4ehdpx6ur865sl8jxpxqwn3tpj6xqyqqq4q,457,4003483394,1,1703687324779
254,stake1uyunz3jry6nl9aq35yalscaw25tkn3phegxln7sx0au8m8q0345na,457,3980355691,1,1703687324779
255,stake1uyrxx0qfs3rrgt5n7caljz3wvm2dkpxv8w0486q27sy0nxcy2m5ga,457,3844654522,1,1703687324779
256,stake1u8qurm9zhyzkjd7lvxqjz7he5gq8r6slp6wwczytsx0cujgtfjcv3,457,3754049249,1,1703687324779
257,stake1uxvg0er5287kqt84l3dzsatzef2z4vwfsu65fferhe6yufg2yxpep,457,3518073124,1,1703687324779
258,stake1uxukt8mq7njk8nqz7309splrwnnpmdsnjm77fg3khd9thzs4vwg5p,457,3504592254,1,1703687324779
259,stake1u9e64ejlamwtplud9sn69342pxekw6xvyha04pcl8wl0ujc8r39j3,457,3497961801,1,1703687324779
260,stake1u8df9je296l4r2nndlmfff6z5n23jpk0vlx2lw7smkkzjhsh6vlwa,457,3371656730,1,1703687324779
261,stake1uy26v05qkrnqgzv5vahdwkp0mupyvj0d4lghf7kjdwculwgxzx5py,457,3342489526,1,1703687324779
262,stake1u8tce78pvyfuqxe7apc2nzll5dn988xe9zw2jzrkjez5gksj394up,457,3236651767,1,1703687324779
263,stake1u8k538x2uqsl3u4huljla73a6rvcx9704ygxtv76ym88p5sdsuhs3,457,3227957034,1,1703687324779
264,stake1u8vhqgwdpkakxerw75ysyuc4tkem4ngmtlrcajej7kzsh0qk2zn70,457,3090667212,1,1703687324779
265,stake1u9rlpjrmyu0ncvwjd53hprp27uygjzjazs8ururkmpyr5vcujhyea,457,3009332519,1,1703687324779
266,stake1uync0dus6nsavyw6setpmq3r4xxeug26wlnhk6v0sfazxccugwwr8,457,3008553983,1,1703687324779
267,stake1u8xh70u0e9wgvy04wdr8pcj55834uhu7dvnadv2zp6tyymsurrwzh,457,2994715936,1,1703687324779
268,stake1u9l28qflhqwrae25jcw7xvr8yqt3pzyvmssxnkhptq72x9qcgm09s,457,2989298272,1,1703687324779
269,stake1uy9crt0k0kmgf3krakcw069khknjztffhyd9h7z0wxfswkswyu8c8,457,2976207553,1,1703687324779
270,stake1u9lsgxxe2vxyqvla0ncd7ev98yfmp4mvtqgntktvv3urhzcea7297,457,2972989800,1,1703687324779
271,stake1uynlyxa6f3nfnt8wtyvj8mfjvzzjlcjg36aacxztcrknrsq9qu9h6,457,2959814253,1,1703687324779
272,stake1uyzzdum8e6ktht6gyxnmaazkp93m05nwj63t5qwk0pfsl2s4py0e0,457,2949705813,1,1703687324779
273,stake1ux40gtlhlmz9u0vst0fn9matd8xrtg3n53qa2gx6umzzl6gc7glyj,457,2919290296,1,1703687324779
274,stake1u8ujerkr53tmqkwnqkly32k7r02fp90ccuuszdtg5gdgk0s64r64z,457,2917223288,1,1703687324779
275,stake1u9ycqm22d25dcd3z69drn22w32x3u5w3t2zvkpd4phc84vg7vhcqa,457,2905786903,1,1703687324780
276,stake1uxrefyjhwy0na8psaylum6m6pa4s85gvmqgn2ntr6mylqwc687k5c,457,2797267157,1,1703687324780
277,stake1u8awpye4lrze08e6rdjnstmftaq9v224f3u3g52ywhxt9pqdvxacd,457,2723830972,1,1703687324780
278,stake1u8rpcsdpp8a0sy4k09zw35ye60f20k75cnfn47jhznuj26qf02jph,457,2667415941,1,1703687324780
279,stake1u9spzcpkvyct750f8z705w98zj5qrwajyj23u7phqlz5xuqll8fa4,457,2661751659,1,1703687324780
280,stake1uymv705zyqe3tduhp8lf9ng2rk8z250yyde6lawphghslrsgk5j0r,457,2615621370,1,1703687324780
281,stake1u8zdc427nwgmhywe9758d30jgdgf82n07ryusksdnqjuxys4lvv9c,457,2596818664,1,1703687324780
282,stake1u8496s57mpttdsr53knrnfm9rnadkyc3gxj8he23t2nj94ssay9ah,457,2594831548,1,1703687324780
283,stake1u98uthz4n2hvzakvy98lxjn6wuk8du6sajvfnwcl08kw67qxuskue,457,2520780802,1,1703687324780
284,stake1uyag4casf3laker4glgfv9ssv2wsnk05dvnrmk4csmfjvsgaf93a7,457,2515443269,1,1703687324780
285,stake1u8l03pccde8aytfz8wehn5d8a69hz64nmp0clq8me83n2wg6n6692,457,2491013559,1,1703687324780
286,stake1u864phtl76x8mu6g9jt0ksrtfw00yerec084hqyfh383y8srtz597,457,2489859104,1,1703687324780
287,stake1u870xl8c0gj6jqhnvwhsxn2jwqntgs567jwtgslp4z2z8ecxesrvr,457,2441320211,1,1703687324780
288,stake1uxa58mu2qvx8pl3temqccra0vns7k6pq6zyh0xg78mk6jlcwcak7d,457,2410086856,1,1703687324780
289,stake1uygzzqdgqqs0kdwu6fnp55lu86lnrt8x6hglav8g9qraasgpm6jtm,457,2393418304,1,1703687324780
290,stake1uy8jlj4hw8sngsals2r0wxanak0xhutf95vxlle6f6hh9rslxr2h2,457,2374620863,1,1703687324780
291,stake1u8ezdeaz9qyeth3lt8rl6tdyetxam45ny4h2eta5d0wcfpq9wfl8c,457,2367491102,1,1703687324780
292,stake1u8fz740qxtp8295r0p0w7lqzn9609sx69uewsg5jjw670kqzqxxhr,457,2366170464,1,1703687324780
293,stake1uycmymqt76nhweef864fqrx0qlq7ejnvhza4x3a802d4x9szl8x9t,457,2319920572,1,1703687324780
294,stake1u86mzh3xuwnhg085qjnk90hscysmv7tc8x6uhuh24cyht2cg2jcdq,457,2278894183,1,1703687324780
295,stake1uylgdsg8w5udxext5ujyen2v7sw3sh394amgazmujhgx0vcs6hm7h,457,2278609103,1,1703687324780
296,stake1uxvv9s5n5mu89anwp3t5a5luc7v49c4krhadwaqm9jfpdwgwvdn2l,457,2253782874,1,1703687324780
297,stake1u8hj5zav907heegnnpteaaa9g06wuevv2wux3wpemhpql4cwv3dn4,457,2215978979,1,1703687324780
298,stake1uyjqc2z62sjzgvqp0mv4lmym9dce0jqulgqjp8rk3uk4h2gm7waa7,457,2176279127,1,1703687324781
299,stake1u8lslt3s59yj9639cyj80l3r64266y8yawtdk0zjty7fmpc49e5xh,457,2151495554,1,1703687324781
300,stake1u8qcspdzmpe0guk54pxrecgd5z5x00jw80vj6axp9qq4csc9r3jnx,457,2115338005,1,1703687324781
301,stake1uxmtyxvz9fay4d0st42xkeydu4zljj07jfmq2hh7crh8krszutl4g,457,2091799013,1,1703687324781
302,stake1uxwulzz87pkxw8pcj29kwkz5tawfz2sk7xf6j3vydc9f3fqrw7v9n,457,2083517149,1,1703687324781
303,stake1uxrkfpned4x4gz3jzefza0jhxjezee9vw9kwy35uzz9xg7qkhd55v,457,2080181070,1,1703687324781
304,stake1uxvlns73zn2ghxrgsx36ujkyffhwlsjfkff4d2gce6rkktszwzrx8,457,2010655151,1,1703687324781
305,stake1uytng9c2znq38gf00qw5n72h25gxdm25waqhntl0reajx5g0rrrxn,457,2010020512,1,1703687324781
306,stake1u848l35q8fk3890qp0epkr86w7q3rwkp9v3sz8mgyhxxh9ch6e0fp,457,2002221211,1,1703687324781
307,stake1uyzjz960ufu3fhe2yzywfkqpxsvn2ffarw4fm84s7tctztgfav3gq,457,1981943575,1,1703687324781
308,stake1uxwx7h498pxlmszdk2w3anvxuysy4n9cgtvwt44s0a76lhcyn44p3,457,1826366944,1,1703687324781
309,stake1uxjp7xu06ys4pqv8gjrrhnnjzs7j0t3rxvpk0fefx50nwngw4dpzs,457,1795379663,1,1703687324781
310,stake1u8r7frsptmt4dcma4r926dlwd4u9zxfy052j4vnee5vy26q69h0ry,457,1736289627,1,1703687324781
311,stake1u8ej0lh6sd7kgq3nrk7v88arylmfj9hxkgjfaurp9s5g0jga0jp26,457,1735605682,1,1703687324781
312,stake1ux8mkantpyz6sg8p0ygtg6mdjjnurnxvr5jg5gu88enzetg4l3rld,457,1667586880,1,1703687324781
313,stake1uy0ygz3574mff459vv7fry6shru0n5hz9h5czadw6rwxkgqh57ena,457,1654879017,1,1703687324781
314,stake1uye8k85qmxl2rqn5qjaqqxzxefn9c82q9nr8esvs2cdt8xse550vr,457,1606597501,1,1703687324781
315,stake1u9dzsffpn9q9hz80c96gpmnag5y30h72pwunpaxyyjfrczsnv3hw8,457,1603488299,1,1703687324781
316,stake1u9r2tfhvuws7x52d470vcrg3zf82jh36jxdzfh3a20c4vqq7a6xf5,457,1584613490,1,1703687324781
317,stake1uxu50xnptyhzfdst9puuh5xwvmr39du5s0n77680940fgug4zc6f7,457,1583357603,1,1703687324781
318,stake1uxtgqj98e8gy6xl7ttkyr3g07fzkcwl89g6uprqd9chrnucck226e,457,1555182288,1,1703687324781
319,stake1u852evwzu8ut2agg0040g4yxpnj6ws564k7anylfff8s3eck04um7,457,1538319408,1,1703687324781
320,stake1uy743u540a27d8u9uge7lss8xgf09q34y0pzrj4mml6ew4s6xt9r6,457,1517981985,1,1703687324781
321,stake1u8e679rqqhdzhmt2akuap02ecfnxdf92snj6kt6p2x9ngyqvr5mfd,457,1504972821,1,1703687324781
322,stake1uynsnt8pte5zj470kurdhadxw0prmd3s9prw9exmfauvrlgre6wc2,457,1500699356,1,1703687324781
323,stake1u9qrakfkk26chkg492emn3ld2mny4qsqdcgh5pq80v80rtcp2vztt,457,1500632226,1,1703687324781
324,stake1u8ehujuwwt9vemvu4gkwu868rw2pt6xs3l5j8u7wac5wkhs32gljx,457,1484749329,1,1703687324782
325,stake1u9ahdkv3y4dg6np39mry2mwve7re9c5ruh7xgfgdnf3046g7g0a4t,457,1426045478,1,1703687324782
326,stake1uy0zrkev9rmsswhgdnlhxzvlej67p99afvpexctd432qm5qnyaudp,457,1425165386,1,1703687324782
327,stake1uxs6ewe45m58fesg89alultrljzefwe5fhmmacuk3sq4las2ppfar,457,1414691601,1,1703687324782
328,stake1u8e3r674nfrlwrc0qdznxj6tfj9y4nxxgrvvkk5dwm47z9c79dkw3,457,1400904100,1,1703687324782
329,stake1uyldpl3h95w3dz6ketclr5jueytr3z7hxrkajccxz37j6yglf28gn,457,1377500872,1,1703687324782
330,stake1ux9xj52heq9fhsy83jlp7muvajqa0p9jnmay34zzsa5kmfsfwydya,457,1373384307,1,1703687324782
331,stake1uykttxxdh66af5r8fqvn3kg3s3hvx47zvmfehac6yec0tcczamhpv,457,1345835864,1,1703687324782
332,stake1uxgxjtd547cuuwjwnlvec8635crz87sh5qdtd7emar5xvvs3pczp4,457,1326570810,1,1703687324782
333,stake1u9re048d2h2s5ty37w8wwxh4jz25g53zs230u0dd7swfpdg7t48hl,457,1318777767,1,1703687324782
334,stake1uy28njq4xkhn99z9yrjymt7xcawzqerrzv4hct78uxfjc9qjvhasy,457,1295972813,1,1703687324782
335,stake1u8m79rjy9g34e4nyfvp2tvlsppe256sgfq8apyums4tqe7c4quvpa,457,1278231903,1,1703687324782
336,stake1uy0rkkcmr8fm9r3qhpzpdtmp5lmj5ltsqlzcynlmkpcr0essu3tsj,457,1273203322,1,1703687324782
337,stake1u84jde0pssdu4ypcpwv76n969v499cqur6rtvfhmqgf56zgsu072g,457,1253415685,1,1703687324782
338,stake1ux8qurzvrp8fzxkjpkelsys4t2wg5fj8h0epcsjypauwptsxlnmxj,457,1252981874,1,1703687324782
339,stake1uy4dq9e0937ehqc49hqdd2cjuc3ws4gxtdzzhygqscuyyqssucay3,457,1242592652,1,1703687324782
340,stake1u9da75eadl2a50dry978342yjn0tn4fnpr3gzdmhrxkl4zs84d2y4,457,1227391808,1,1703687324782
341,stake1u88gvrdcus9gwyhuvwxayz3jxrapsp3e6t97v0q4jrpq0dgk0xl9a,457,1207160989,1,1703687324782
342,stake1u8skyddnctku3w3f7pqhnk4qal5ldm9zpjanjaskankm9mg8llany,457,1205173197,1,1703687324782
343,stake1u9jy40hz7ehfy3fjvjmaknfnl34wux9phaksr7jwgls5ghggwputx,457,1202124507,1,1703687324782
344,stake1uygs7ez2vs22kf6xfv24xcd8wtlcyvup4g3kwpsmuwrnksgn0ra4z,457,1199544502,1,1703687324782
345,stake1u8njt0cwy5fd004ls2m9gdgsar39c8wumpx0kwsce5hecqgsr2llg,457,1190509461,1,1703687324782
346,stake1uxhnc9tkk542cm0ruvzx9jhprv0v6c4hy0ljy02h0nd5g7g0tkq6c,457,1186545784,1,1703687324782
347,stake1ux4qkge0zysmmnts3zwltqufvszh7seajx747x9qdzxhxaqmr2t8q,457,1181515170,1,1703687324782
348,stake1u99fvuzahe678dceejayputlnpx2tm92wjhj8k3lrwfryqqce4588,457,1180916330,1,1703687324782
349,stake1uygkkt5p0kdq5npy9n36aff87rqzq39lt0w75p5cujgzs8gldq06x,457,1179394592,1,1703687324783
350,stake1ux0knhlv69nlh82vgfvlqxgy3hhesg4g9t99uuz30j60tucrw7yfg,457,1177225251,1,1703687324783
351,stake1u8a9f8v09xd68hthdeg9fw43jpa893fszqugy4j32v5sadcfhxy3r,457,1160686067,1,1703687324783
352,stake1uyckj72v4q6t239s477ar75fjf2jcwj2k4w9u8dkrpjcsvgs4zlkl,457,1154149129,1,1703687324783
353,stake1uyvqlqhw772mkkpun7uj3ep2zkad0v3kph4cchpas2wpjwsurkvzk,457,1152344017,1,1703687324783
354,stake1uywlkgxx64mqutph9fw57dsm95qm2laz9m5yf9exws6yrsc5h4dsh,457,1147920929,1,1703687324783
355,stake1uy2ukh6ce02rax9dsn8ykt5ymmdjf0tn5etrhnuwj5c3wkgnr4l98,457,1146069790,1,1703687324783
356,stake1u8qxfn0uq9nq9ngw2cdnaa3ectvwfe0mmlr0vxe7u3atfzchna2pj,457,1145891894,1,1703687324783
357,stake1u8hhmqas96gzrhf2d9wd29h20zq5jr6xumt49wwjca48hqsnkw028,457,1143053498,1,1703687324783
358,stake1u9u527u2qqtxhkkuwgmvdekryveldz2xndptm84qz7yrwxghnmthk,457,1131841284,1,1703687324783
359,stake1uyj8m7rpjuaayv69dw9wj84ag006vdgszsu2whcge7uy0sssv49vt,457,1129616282,1,1703687324783
360,stake1u98lh2pewcw323j0y7c2acr352msmfmyrxnvscy7cnwdt6g2wn504,457,1128109865,1,1703687324783
361,stake1uxwnlsf8efflg29ppvhggmeerhp9ahm336c7ewxdx3y7w7svttcxd,457,1123781694,1,1703687324783
362,stake1u8twfwwvfqcj2a5fg7pjupmhtqjk5z62pufeetce3nnn79swa73ug,457,1119109635,1,1703687324783
363,stake1u8yznl92pd77n4ewtpjk5twsezk0r59d6t5kr8yn9kzug7qs8z4t3,457,1111424789,1,1703687324783
364,stake1u88uszskxspp3dhzwhs5wvhn9nt0jhvtf6cfuxmtldkac2qrwkv9s,457,1107888808,1,1703687324783
365,stake1u8ms8uecu4tuyhxw8hydd7hq56w6qpk9szlpypu276p3c4g4etnjx,457,1104872410,1,1703687324783
366,stake1u9cg3299eptz5mjzdp07u366wm76s70zntahp3nhredh7eccyznrw,457,1103382715,1,1703687324783
367,stake1uxsksfl3zke76mc3jsgrjxq8kswny6t733cdmqaqalwv9gsrvcrj7,457,1103061679,1,1703687324783
368,stake1ux2nn24kvgll8rslecs7h86rl5w4jmvaqwwssn4qp6fny6q8vt36k,457,1099376986,1,1703687324783
369,stake1uxygc3hswjcwhrh57jk2rgangs3wzdcqyxewrzl8r8jf5zswmtde7,457,1099027284,1,1703687324783
370,stake1ux6nqetp0qr2gjkqfgy3cw5lhzu50vn5d0x2ltmvjuxdsvstfa8uy,457,1098314184,1,1703687324783
371,stake1uy8gzphuzlnzzmknsl0gncq7akj4nwp8ss4fpl829wsty7gygf9wc,457,1097114924,1,1703687324783
372,stake1uxar9cd3p72k9rgw5ftacyyff2xru96ayqtscll6jcskylgefu4h9,457,1094996147,1,1703687324783
373,stake1u82z66dzl3q8yfpc8w2hwgcr0lam97885qvc8kjajhvxfng3f3vxw,457,1091714255,1,1703687324783
374,stake1uy39uw434szyc5vpq262952630gl4rkjhn8505h88t4rl3q7kr8m3,457,1089311837,1,1703687324784
375,stake1u8fmvkgmpel0xjyeknl68mehf3weu92583c3n798mhytkrq5ac5s7,457,1089224914,1,1703687324784
376,stake1uxequuwkzls3xkj7yej80rydpgy2zuv6utqkvzylz2xgkccka2vx2,457,1088268363,1,1703687324784
377,stake1u9w4jxq4l5m4haykhranzpgw850zad2remgx90f676p92vghkwe07,457,1088009765,1,1703687324784
378,stake1uxewwjlu8fzpdwqy3gwtzu72tkga38pkmgt6rhz27zkwgeqtmyen4,457,1086012532,1,1703687324784
379,stake1u9u5uqqdjf969ykxxg206l5wcr8uudpkwwmv89fzuygpxrs7xuur5,457,1084378513,1,1703687324784
380,stake1uxm0cja32f7sx92sxqe06ysczwxfupyp5zw6ytmeys6ezvssqjwh9,457,1081103158,1,1703687324784
381,stake1uxgsw6f546jyx34qplc4f45mm6y06p3klhn2tj6esy2f7rq9rf2t8,457,1078024855,1,1703687324784
382,stake1uyu3xpkwd2r9za7srrlex3fg34uwmka08sj7h4qtla2cvvgdy9gxd,457,1077162882,1,1703687324784
383,stake1u8ht4wue4ftvhs5jt6qxnw3n4g4znxjk77asw2szshf2q9stjhug0,457,1075010736,1,1703687324784
384,stake1u9xfq4r2x60kvun5urxksy8lvspxhmm3w0thh8gvx3zr4us4k9xnq,457,1074328283,1,1703687324784
385,stake1ux7884uzlsyfj3u4fh8087jx665lrzsasey2apt5xywgkrqkh3gn2,457,1074095381,1,1703687324784
386,stake1uyma3j3van46g9dukn32xnmfcgm3ceu6uwjm4pjnl344evcyhynm3,457,1072702857,1,1703687324784
387,stake1u9p982g057eqjkr04mlnysd9c46w7445tlu53s3c4z8umcc90ll9s,457,1072534895,1,1703687324784
388,stake1uyeshssmuevumevy6qf7aemade8smhlmgnhdw44zxt2lu2gqcq3cz,457,1068162289,1,1703687324784
389,stake1u9g2mgf48tvctg0zd3jngh2vc3rujkhz9ljv6l6venp8gzsvw8sze,457,1064127836,1,1703687324784
390,stake1u96gd2rehj83nenq8m6mx5v8rlatugvd8j03ww8sefv33jqf60a7t,457,1063565582,1,1703687324784
391,stake1u8m90vu965e50m9j0ytzj2w3h6u8gles3w58m0sd8qeqfuchhc2ec,457,1062603818,1,1703687324784
392,stake1u8947agxjfppq9asn85lhf5u00clv7mgk9zl5t6lzw2ghtszt5fzd,457,1061953917,1,1703687324784
393,stake1u82w2gaa4pk82rslzmkz0p46ye3ahdzfkl5uyhs2ptl5phgc69crl,457,1061560387,1,1703687324784
394,stake1u8us0mxw8r74s9rjks97x37pk9848ka2eudpgtf47ym8mcq2q60fd,457,1059244554,1,1703687324784
395,stake1u9qs2zulr34wpcf7p8gge2szfr3z2spt59mrma8vnhsq5xs4r59ku,457,1057711570,1,1703687324784
396,stake1uynzm5df86wsc4lh2t3dd6vlj6gv9zlg7zhq62lhtypkhtq9w637g,457,1057674668,1,1703687324784
397,stake1ux382mt629eu5utxlxmn5nzjnxw8mc2r5e2emtptkeghy0qjgxtl9,457,1054391387,1,1703687324784
398,stake1u98pun96wp5350h9kl7gc3lnacjvhem0j6ma4z77tz3htpg765ngm,457,1052593492,1,1703687324784
399,stake1uxwzwfhrjhhxdu8fums4h9m78g63ucmtqlw8f4kutltl96s3jfge5,457,1048257768,1,1703687324785
400,stake1u8jjz4w3frqplsg3qne7c332ksvn42a0u59ll8u2e602rmqrqncl7,457,1046369949,1,1703687324785
401,stake1u8g9z5ylrjmcqhzgkxzylskcrwa034yff8mmza52frtzh6qlcdcq8,457,1045173798,1,1703687324785
402,stake1uywdpdxp50ey9rvdh4nx0j3gdetcufrd645ky0lh6lu0awgentgw5,457,1042644050,1,1703687324785
403,stake1u8dserhjlp3mse2fuql49msc87p6ydfgfxjlt3clmc44ggc7l35k7,457,1041703607,1,1703687324785
404,stake1uxkfk0a0c24fam457ynfypvjf32wzc56r2twsn46xyr028grmrjr3,457,1039255706,1,1703687324785
405,stake1u9438zac7d05k2m707vx80svyfhsgq6lp20tnt74vw4pazgnsdddj,457,1038472513,1,1703687324785
406,stake1uynelylj7skj27ggedxpahmvgmnjuxxj9jvj7ga723zh4fqw3u2cd,457,1037363715,1,1703687324785
407,stake1u9nt87hw99vscwh6heckmwzjedghsvezfq0wxlxttn3xf7sa4gxqg,457,1036899016,1,1703687324785
408,stake1uyvg62hmrkjzceg8qhcmtuduj5x53hmwfc9du0ut3cgut3gtgwtdg,457,1035921890,1,1703687324785
409,stake1uxfz2p5k3r73wwh6z5ws0tgatypsryzjh5pd9sldxzepaag82rxtc,457,1035866426,1,1703687324785
410,stake1ux2c3tncv5366m2tzv4agrp7xmut6d7lfppqayagjpnz22s49u9c8,457,1035658883,1,1703687324785
411,stake1u8nm0jkhmm35wguedjkv62q090tfuzs6dw05nl8rmf5gnsc4jnh42,457,1034894557,1,1703687324785
412,stake1uy92trmn85zqltal67wf8anrps2c7g47mhevctnhlm6568c3tzcmq,457,1031892369,1,1703687324785
413,stake1uxmm3e45rrq9sk44e7l8l5xglwczu240gpsdslajn6m7d7qmwp0ye,457,1031512851,1,1703687324785
414,stake1uy9y3mr7cnh3zga0mqra5uzmjykuut4a0jdjgkf4mvruj5scty6p0,457,1030326239,1,1703687324785
415,stake1uywvcedr46s4qv2vjmwf8x9usphtvgk90a4cgtj0k4xlglsrnhyx5,457,1029812997,1,1703687324785
416,stake1uyaytrkkcv4p0272vadaqy0puzlj602gg4t47x8l2rfwhxsvzz45t,457,1029678136,1,1703687324785
417,stake1uxam65x3c62f9n4gekdme92kts85wrcr6fjhxpcm5fqw5qca946lq,457,1028508515,1,1703687324785
418,stake1uxzgrldsja0f4vwjxgnewlftt6dchzeg2mjd0am8ckgk8lgyxawrl,457,1028093496,1,1703687324785
419,stake1uxk7ynn0qqnmuzcsff7czwhnjukxq0s3g68s48qhx4mf4lsxvy9l5,457,1028033697,1,1703687324785
420,stake1u9mp7x8meyx7nffl93sjuhvwvs4lnhqmkjg8cpfl5lrq9cq24ljz9,457,1027493062,1,1703687324785
421,stake1uxhqdx93zw8qnj7kve88mwgxvv9attn0vug4funs64encecemg75h,457,1026425965,1,1703687324785
422,stake1u8mr2gd5rwk3mj607f7eelw4egfgxjjn5f9sgthzrdm4qng44h9yp,457,1025906108,1,1703687324785
423,stake1uxpyefp04y6lqs3edun3qrfsz6agszfxngk474rkjqux0ec24urwc,457,1025801261,1,1703687324786
424,stake1u8m8xl00ckzaqamsu0rkg87zp8dhkhmdquhnxrc02a3u8gqpdse39,457,1025669195,1,1703687324786
425,stake1u8qd9sxknzd9l9yr4qqv62nvkpgyh7jlgl7vyg2pq607xfgehvrs9,457,1025272792,1,1703687324786
426,stake1uy63ud47f8pyfs4q5rxvtvnrv8l8sl29ymz4740sll6gt9sq22umn,457,1025012626,1,1703687324786
427,stake1uy37jrsga42f9xdstngzmxt0t0r4r2kkw7xlstrdw39m2lqeswmpn,457,1024188348,1,1703687324786
428,stake1u8n3f8wchdzh94fek4sz4pt69mp6rwhp78k93savtpe5rkq2g8fd3,457,1022568826,1,1703687324786
429,stake1u87u36zgdp9f9xll77d9atkjqsgvjggr5wt8r2g03mu9f7g6at3ce,457,1022178562,1,1703687324786
430,stake1uydamwt5ed7emv56pwt3wqw27m537v98c945jldd4ewm4ycqjsmhf,457,1022026732,1,1703687324786
431,stake1u9lz3sjdqqtns77w2rz63je8gzdzw4tnlj0elztstdglg0q29njjg,457,1021751044,1,1703687324786
432,stake1u8dndrjz4hsum7cuzks83zsrw88upddlqvxpecscaz3d7tcv3rg4g,457,1021095076,1,1703687324786
433,stake1uxs55kte6jfu7mgwwdks9jxjkuxnda4q6g6rwm7f4gfwassfut8z6,457,1019242745,1,1703687324786
434,stake1uy3dhxu96j8q8yektt2t9lx8cud2rguvk8udfckvs6l3c4qu9czr4,457,1019201558,1,1703687324786
435,stake1uxd8eqlzl20pxfkqqkg7x04vz36r48255p2j6jjhwltvxjsvtrnmp,457,1017932630,1,1703687324786
436,stake1u9cw64a3xtrg8ugkt95ppkvlecpke7q6kqw75m2yxjku3mccwcxel,457,1017256145,1,1703687324786
437,stake1u8pd7q0aw7yw0jwnq8x8akplsh7kc3u0g0exftaw0eaur2s0eg63e,457,1016049115,1,1703687324786
438,stake1uyaqjygmtsxgjed2k8j83wlzcz0aepnm4nqsfztpvheapxs72dmen,457,1014971254,1,1703687324786
439,stake1uy03muqd97z04ckdelmu4s7txhptguqxs9wlvzluaf789rqsvd6ak,457,1014684264,1,1703687324786
440,stake1u8jkkcj0sjqsgx9zqufy8vmmp6gmd44wgjestf6pvxu8dsg50ndl6,457,1014085209,1,1703687324786
441,stake1uyea706gyemq6pttgpjpccevf5jeekwxlzwyj95uafrf6ecx2z0se,457,1014014736,1,1703687324786
442,stake1uyz0dtl6cz45txrq4vsgaazres35hwlpmeaq0edt9jx85kq6r98qn,457,1013884293,1,1703687324786
443,stake1u90nr7vaysrrymkt7xwt7nhct7d300jcgj0lrmpj0r4v0wsdf7k3n,457,1013837732,1,1703687324786
444,stake1u8kmddvpvzungw74s65jxsxr6nf7f7wtqgln988ewwlrnss2e82ze,457,1013247519,1,1703687324786
445,stake1uy5pgxeww85950wcplfwejl2e9cwsvr3cqlspw9tg28wkpcpq7p4q,457,1012061300,1,1703687324786
446,stake1uynty4dstwman2pp8kxnpa8kg7f0xz7sxsj8352rgh6a9ygjztwd0,457,1011966948,1,1703687324786
447,stake1u909s7utj8d32djz6crftx0zq6ht8eyl9np3a03h7qzffjg8vx9pv,457,1011830506,1,1703687324786
448,stake1u9htqwpj5g84yvalrmnlxcmjtt8eha6lpjw4j3pjnfz8nvqtxrkdx,457,1011506614,1,1703687324786
449,stake1u9qgduu8ruey49m0xsxu9us57202r8cj2dmaj52rt633apgyvycjg,457,1011224003,1,1703687324787
450,stake1uxvqrd3hz052wmuzvcvrszxcy8nma3ngkj9asz4pdve4g6gwl2svh,457,1008641115,1,1703687324787
451,stake1u96ezwsr0pe948a4n7wjpw4tsyn22ps2y2mw75kllrgjfkg8szlgs,457,1008602181,1,1703687324787
452,stake1uxpq3wr9d0emr6cdm4f89kj8e6xvl250et7awz64p2vcu0sv0uzjh,457,1008360129,1,1703687324787
453,stake1u8lvntmuhk3m6ul8xfa9e73md0d4ts82n9frcxxqhkzpsac63q8cx,457,1006985673,1,1703687324787
454,stake1u8hscxa5xefs35wsaxyjp0srs60eeh22hsqwyngxzare3dcrfcfk9,457,1006974289,1,1703687324787
455,stake1uy9n54a03edylgkzyzeu09g00w059ev6djzy6qgfx0gwtyqc6rhd5,457,1006730550,1,1703687324787
456,stake1u8g67n7fuq4k0m6dt4hz4hljqtsm3zs88e93zpasjunsahgh4uxr4,457,1006334541,1,1703687324787
457,stake1u9w6tv4a0fetskv6k4scn52alwkw7mtpamkf2wgn2wwdjzgmzxuz6,457,1006034939,1,1703687324787
458,stake1uxmy3r54w565rtr6xy2d2ythzn4xc5gdg4xpt4578clecugmj7een,457,1005945492,1,1703687324787
459,stake1u9lygp44a4wq7lme0lcnwp4sg5uz7g3kfghvv2xqf647hgsfdt93l,457,1005901945,1,1703687324787
460,stake1u8qgs28lrfafxk605jyhr686lux9h9xwfx4z5u5apu2umhq3f6vgg,457,1003958372,1,1703687324787
461,stake1u9l7p6tzklr20yqsweumk3073g998g5s5uf78d4ax44dzuqz5g89l,457,1002923246,1,1703687324788
462,stake1u8qk9cz9zlrdvnz78r928masnez55ugfvg98hss4tfche4c0z0ukh,457,1002868066,1,1703687324788
463,stake1uy9rj85rqyd4hn7uws67ndg0hlm2300tneadsur00vn88kc8ms4ru,457,1002653485,1,1703687324788
464,stake1uyfmhmkmw6ymj70ky0kgq72nyv7eta0dsufwapn80xan9ys3s0psj,457,1002327456,1,1703687324788
465,stake1u8ydslmmrqp24jkh088qufumdk4aer7743jvv7yhu4asgqsaa3jjw,457,1001806029,1,1703687324788
466,stake1u85x02hwrs0zlew58qa5cje649gkgwz3cw03dchvpqrfr3csm9j4y,457,1001404396,1,1703687324788
467,stake1uypvgw7tvq0ww9xc64cqd0r852ymeud8w86u2ejas68m3vsum2heg,457,973847693,1,1703687324788
468,stake1ux2zc7n374g9979ltecr9xk9zz9tq8yp9erg0ah0dnjhsdgdv35fh,457,972873076,1,1703687324788
469,stake1ux4gtvdyp5cxke276r2fcj9m2gy4766unc9smwnk6eq2fvs26lfva,457,947823543,1,1703687324788
470,stake1u9w52c0mweff8tn6q9635f0xh6a7d73zqyktq3gy08uhd6qt86mlt,457,897020253,1,1703687324788
471,stake1u82pdalz84kawrvzsy2lgt7pkqrh6u5phf456wjuarn449c6qactq,457,884713585,1,1703687324788
472,stake1uxwy7xjukrax7dr0r2334ucudclg2wz93kunu4dn0409khgczws02,457,845694914,1,1703687324788
473,stake1uxvnw430n3fatdq9yhqxy7hlkc2s42nex08qy2pdk90f47szclpht,457,716100947,1,1703687324788
474,stake1uyt9trg6d3w05d9mz0smtjpfnl8av5ma73mktqxr67f8xec5ex7gk,457,670590242,1,1703687324788
475,stake1u8hkvgwhzn9cr92qudunrgutkdlszxmu20nuv2y0gsf8y4glkumv0,457,649992688,1,1703687324788
476,stake1uywlm68r75ppq47hk82r40xsu3chmt7ncwk58twtcj49uwgh22eqz,457,643749524,1,1703687324788
477,stake1u97xdgkypxh9c3mjkcg0uzp2cfgum3pfkq3psssk6hzdgastf7fhc,457,630218013,1,1703687324788
478,stake1u8lekuzx8ff3fp8splsgdnqd8zvhpxz4w07xdhkesp5eueg2a936f,457,579800289,1,1703687324789
479,stake1u8jmk57shdkhwu63kkgtr6smqhgeykk2e5rkewktxrsvltcjr36fn,457,541966975,1,1703687324789
480,stake1u87a284gw6chnq20uqve09v57s3pgxp6hd8tlc6403pmfagft7yk7,457,520173026,1,1703687324789
481,stake1ux0krfgu0maf4xdt3jk4sgz5mht7xwr53kmjnnq3q7deaxgugpmun,457,501744710,1,1703687324789
482,stake1uyn3d5v8fpglq9gyw2hcz5epj2gj56vwlmulqsuea6yzzfcnnfsuk,457,500641322,1,1703687324789
483,stake1uykxl6767fjpy0htcd9702dv49faa7tjalfxycdxkm7jrkql8d897,457,479230157,1,1703687324789
484,stake1uy3dyle8zw5rss4xd2gg6zn4vsyju47amlfalh9mz0cqceg39tmhd,457,458353882,1,1703687324789
485,stake1u83737v43970m083l0kx6j4haevvaawl6cl9wg787xk55tqf53npd,457,451991427,1,1703687324789
486,stake1uxdpshxqv4qu9st342vtw2uvce9l6cjscyp7uy4x5ctkl7qcne3j9,457,451308357,1,1703687324789
487,stake1u96dame9are8clajfjmd3l8nfjrh9sglcj8xh3mu94cd5sgm22x9f,457,437444293,1,1703687324789
488,stake1ux5pf43zzy29dfqcjrxejzezmc520jah4st5jmphad9xlrggpkpxk,457,431530436,1,1703687324789
489,stake1uyvfnk3fsmkcx9j6ay0sercn73vujwavm22s99fvfsk6wvguwj75r,457,427829518,1,1703687324789
490,stake1u8zxxaqjupl9pzuw9pnmz20crz0ztnl94l2dcre5825uk7qaf5hdc,457,426682106,1,1703687324789
491,stake1uygz3ruyr3ccndvq6ux4j9e7wny9seejapy3ffnefef0tygz5mawn,457,401538227,1,1703687324789
492,stake1u8ws8psn4wfew9p9g545gphfvswktj24zzx8ftl8qklw0cgugns44,457,394885123,1,1703687324789
493,stake1uydv5sxtl4chqsqemaql9r809t6yykyl2gnk6cyzld5q5kguzlwtx,457,376388496,1,1703687324789
494,stake1u8fk9l7fv6544gsz4pvzra2l72pzkdrxdgkpavmdkk5843czt5he0,457,361472895,1,1703687324789
495,stake1uxvcusud370my6dnylt79xme3x8npukl77y55xa5ce6zlfsugarjh,457,327385727,1,1703687324789
496,stake1ux795kxf8n93fyqcry3kuv7w9zswkaqck7vcy9h0u77u5hc9zty7l,457,281602275,1,1703687324789
497,stake1u86sj9yqp8vp3x4633vv96c0ladxz9zj2gvfeafzf72nvxqu3q229,457,268789667,1,1703687324789
498,stake1u8lpm0aaufxtn0h2fujp77z5rkh4aes8klygk5wx0yj4t4cf8r4kc,457,266666532,1,1703687324789
499,stake1uxv8rsqg2tg5az0t0s6vu8dy6c7a0ujc9ruc6mc3zsdlu0sw98umg,457,238460538,1,1703687324789
500,stake1uxet06s2kry853fj6dklgaumlzsadedwx8xptfgvclhavjsjcge7u,457,235199920,1,1703687324789
501,stake1u82ur2jsrcu7t6yf997n5gwt33t3gnlqmzszxsz200vga3gugusfa,457,232024711,1,1703687324789
502,stake1ux78yjsy25mkyl4naymfj6jkakhul2tml2jhlnghu956dcqugcf74,457,223664080,1,1703687324790
503,stake1u86vn0ckcyqruqk5resejggdlhaz5rtpjrmmdcgu9ahv3jsk6vgrw,457,196763729,1,1703687324790
504,stake1u8wv52ty0jzyhy9x4v4e5dssclxcemwtpv7smm35c099xtcvqg0q3,457,183979341,1,1703687324790
505,stake1ux8g22k0x0gryaggmk8xnz78nazxgjlkz3xcdk6xrwvn24sh6qz5t,457,166045193,1,1703687324790
506,stake1uyg27g25wecac7x3jypq8psxx6sddtyhf2wqp5a7g0u3jxqm4cudg,457,154422412,1,1703687324790
507,stake1uxhhkkm56vc9yrcmak0cdysgkdc9z35zuzl7ya7vkahtv6qdhlaf7,457,142298871,1,1703687324790
508,stake1u9rsslmgdyfx9n325puw04cdej3c35qv4sj77jfxmkj657qtugmyu,457,133637508,1,1703687324790
509,stake1uydk3tsd2yksutn4kr0wz7f54f5uy8gauu5knkfe7h46xqgznlauw,457,116395845,1,1703687324790
510,stake1uyr30sqmc5kpqw4ed27zmx23qfshg962ue7gnrdpe9nrnfqqeh7dp,457,115411121,1,1703687324790
511,stake1u8txkn4pemexlvgdf2nuz0k4hakjkpg8vcawmg0tqfpga4syj4r8r,457,114592779,1,1703687324790
512,stake1uxaaxhgkjh7qkveyu0n2wptsz4d0dfry6acdkmq6mxpqyjqmlu2nx,457,110617637,1,1703687324790
513,stake1uyhedan2g22z6y3r4l2df5dwuthqhjyq9fwjj8cpk9svgqgjtmjct,457,110066825,1,1703687324790
514,stake1u8hkts9cml6nen6a9ms8gmny0scymv7kjre8mchzspqwa4gkcv8ph,457,108138834,1,1703687324790
515,stake1u8zl4e0cxayz873egcfj63u376fy0u5u7036xgx7dsxxw8q6pqmjt,457,103855971,1,1703687324790
516,stake1u92rzkrx96su3p5kr4fhvakdw70x234kp28dg238lg35p0qttmzt8,457,101700828,1,1703687324790
517,stake1uyprczxverl9y3nlawrsrqwwhe465us827edtjcx3w7hpgspmhde6,457,97825875,1,1703687324790
518,stake1u8tvmdccf0ezfdhnas08xhev80j69d8fcsnyd5q2q6gpnkga0zv9l,457,90126099,1,1703687324790
519,stake1u8za83eqnuuyrmvf26ffttjlj0sa6ee92g72dl749lypsrcdfrjnt,457,76989426,1,1703687324790
520,stake1u9x3tz8g222dtntrlj8zz0pr6r3q6xj5xwsqgphcxwncp5q5qheze,457,68229474,1,1703687324790
521,stake1uxlxrzj5w6qs37lgp2hjclckrcue4wl67ky8465wa55myms4pt033,457,62661300,1,1703687324790
522,stake1uyjn7252r6qyk52mqm95a7ce39ht5ddr3ldl5jqfxsdepvcngfn5z,457,62567993,1,1703687324790
523,stake1u94tq9xznlal6grvljcrfd8xg0nxzcrwgku7upntutcjlwqmhvq8u,457,48329453,1,1703687324790
524,stake1u9lx4gwajvt56hjdas3wuesh3pcltjrjd4q35n0p7w9mm3cs7w3g9,457,42525155,1,1703687324790
525,stake1u86g35kd9duf7egr350z0v5d4n7k27kwg2chy8xunfm3gdgwfd9md,457,39599210,1,1703687324790
526,stake1u9z8y33y4lezkxju0tdect0kdxq04k963aku8ggsxhjzz9crz9cyx,457,36266463,1,1703687324790
527,stake1uxaz4h528r5k2qftp6jfxhdgynckn9v36m6pzta9eju7wxsrgkm6d,457,35655588,1,1703687324790
528,stake1u8xq2nmxf0rc60j5s26s3gczezd5dg3s53n5wzm3d5qfyecfkfj3k,457,30710906,1,1703687324790
529,stake1uypy25wxh0zxygunlyw606vkew6u7f8pa0smjq0rxjztl6ggt4wuj,457,29537105,1,1703687324790
530,stake1uyeuzsrr7vn8xjtm94why8wptx7daw4rcae8n6h6effh6pct3a836,457,29006827,1,1703687324790
531,stake1u9umnewwg5rkr47mu0ff2t0hafvnwyhzk46y7zgm5zan5kq5spnut,457,27923553,1,1703687324790
532,stake1ux40fvl9tdxn6qjhgyvhk6wcps7yuzj43vhmpqydrr0me7gmrnapq,457,27590212,1,1703687324790
533,stake1u9nn8uy8udx6fkmf0ydl5k5dmklphv9pexf20zvm2hlh8ecvmfu66,457,26988917,1,1703687324790
534,stake1u970vm5d0xldaaypqce07jwgfcqfa62s75fjuj62nf77p8c2chvkf,457,23181764,1,1703687324790
535,stake1uyctdw9nfvkqrahflefsc4mvrwvufxssqmf857mpuxcw8qsppte4y,457,23086490,1,1703687324791
536,stake1ux7896gu2hqha55qks5j7faeku9kwfl225l0xp3aqtx9tasjkgyre,457,18942696,1,1703687324791
537,stake1uxd59j8ql8ynntfjlkz7xee39sdhfpe5jvdrxgedmpat06sah3r7f,457,16529178,1,1703687324791
538,stake1u8qpem9p8988lushnxcqvjx075wqedx0c65fejrsnumtetqq6ne8a,457,13309087,1,1703687324791
539,stake1uy7wp88jedr4emqrxugsr6xsgl7clzm06d8kg6hlpfqfausvfuc9w,457,12501002,1,1703687324791
540,stake1uyhay6v5tk9m88cfyckgwll2w0x6jwulq3kzhxqxydqu0pgqr7fzq,457,11438479,1,1703687324791
541,stake1uysahlcka2d57akmd99fxlwdxcwv2t066e3aag8nrylwzssz2f3e2,457,8197004,1,1703687324791
542,stake1u8s74lukm24vaymz2zf0x8q0t8ey4c78xh6jucy58qu5s3qyu3kks,457,7539041,1,1703687324791
543,stake1u8whr34elw2xk6nla9m56zhwlmq7vzulmdaq3rty5xk9adgfesrd4,457,3101175,1,1703687324791
544,stake1u9d48j8mgq5g3ml9g0zhfv5jedt7j5awqr25554yt4797wgnpn8cg,457,2825616,1,1703687324791
545,stake1u9w85qhnae04zec384sv0t6gfvjde58rt44kaaavttake9sawnxh3,457,5751218,1,1703687324791
546,stake1u8u6e5fcvafwec7km2phxyzjd58g62rjuvy87u907av7apc5hxjhr,457,9159718,1,1703687324791
547,stake1uygetdu8j44vm3mt7sl5cyry3f5v0hxveehvq5nttjz8sxs09as9e,457,2640047,1,1703687324791
548,stake1uy2zt5etksglfrl5af9lsk2urwue4g37lk7qw0000n0g7vschfn6r,457,2485332,1,1703687324791
549,stake1u8lv96c0f0veywjj0c7fdpg84pda0dy8thlgu2wledr9cmgkz2rw7,457,2243206,1,1703687324791
550,stake1u9gkmvymlzzzrqpx6ndz8jprwn6v7xfnqfan75up7prevgsymngvl,457,1871467,1,1703687324791
551,stake1uyre3pzrsc544d07wvlevj054qyt85wmlylju2x5ne0fjfgld84dn,457,1500152,1,1703687324791
552,stake1uy3jhnuqelcf84xfkgz5zjzaeykxr6fuylws3g4q6nvrycg9dlha0,457,230840,1,1703687324791
553,stake1uxzewlauvxyneupdewampszkf43w5yct2gsc89cnrq8tvrc8cqfr2,457,6071,1,1703687324791
554,stake1uy4xkt5rqe0sfd8yv3rwfu4rmy44vevzq67gthplglf7vfghefmcm,457,5354,1,1703687324791
555,stake1u9nxztphaf23hvxzhf35pqgflj8za3m5edtkpfnfkmmp67g4d6t7m,457,801,1,1703687324791
556,stake1u983tqh2fv02ktjqxehpjac9856h3gwd589w757z475x0tquugrr5,457,1028037843464,1,1703687324759
557,stake1u8we6rl7pw7pnw8l3utmype3n99x0t4dv4mzesuk3c2m6rqup8zlh,457,895751166249,1,1703687324760
558,stake1u95eag6vevxhehl3qy00mmkgtxrlp5nhgu0lwc03z2e0vucjc8cfz,457,1000095927128,1,1703687324760
